OriginRegion, DestinationRegion, EventName, IndustryCode, IndustryDescription, ImpactType, Output, Employment, WageAndSalaryEmployment, ProprietorEmployment, EmployeeCompensation, ProprietorIncome, TaxesOnProductionAndImports, OtherPropertyIncome, TagName
MISSING COUNTY,Montana (2024),MISSING COUNTY,411,Motion picture and video industries,Direct,502368.05556093133,1.9240568531907933,1.3355121801441447,0.5885446730466486,86528.47456786424,5276.5964600533825,13861.021808328305,88463.61144769214,""
MISSING COUNTY,Montana (2024),MISSING COUNTY,1,Oilseed farming,Indirect,0.07211983161195695,1.1000483970489528E-07,2.0999436871272656E-08,8.900540283362263E-08,0.0014050495095916725,0.011308974149841743,0.004218742784879372,0.0420737604101071,""
MISSING COUNTY,Montana (2024),MISSING COUNTY,2,Grain farming,Indirect,2.736561528414693,5.531937034346466E-06,9.290840233812486E-07,4.602853010965216E-06,0.08209750138800828,0.24982912722923176,-0.11218713833423603,0.1830319941145814,""
MISSING COUNTY,Montana (2024),MISSING COUNTY,3,Vegetable and melon farming,Indirect,0.48212307538726695,2.2103504261962508E-06,1.3943391203051125E-06,8.160113058911386E-07,0.05141890845932008,0.12185984163117324,0.021243996181874412,0.0950190054672538,""
MISSING COUNTY,Montana (2024),MISSING COUNTY,4,Fruit farming,Indirect,0.04018059700024609,2.8147944434136275E-07,1.6719590502407912E-07,1.1428353931728361E-07,0.005160970957850782,0.022575032251577146,0.0017551624445907288,0.007588602266743406,""
MISSING COUNTY,Montana (2024),MISSING COUNTY,5,Tree nut farming,Indirect,8.028887274842839E-05,5.23537836936319E-10,0,5.23537836936319E-10,0,6.718429261689435E-05,9.785891713108457E-06,0,""
MISSING COUNTY,Montana (2024),MISSING COUNTY,6,"Greenhouse, nursery, and floriculture production",Indirect,3.060397319192198,1.8913525433752365E-05,1.6598055623453352E-05,2.315469810299014E-06,0.832371368896747,0.39482439067123987,0.06339424399377615,0.1900144095880674,""
MISSING COUNTY,Montana (2024),MISSING COUNTY,9,Sugarcane and sugar beet farming,Indirect,0.11383232424737262,2.546739065089314E-07,1.4541562526466664E-07,1.0925828124426477E-07,0.014720775030922853,0.009266949197003885,-1.0988067863803751E-05,0.017552197591176617,""
MISSING COUNTY,Montana (2024),MISSING COUNTY,10,All other crop farming,Indirect,2.2207475630650695,3.0484644345968994E-05,3.0278920486507066E-06,2.7456752297318288E-05,0.34080157495416114,0.2381685460152712,-0.0005743335282751139,0.11789245731409204,""
MISSING COUNTY,Montana (2024),MISSING COUNTY,11,"Beef cattle ranching and farming, including feedlots and dual-purpose ranching and farming",Indirect,1.9222231906265055,1.0848378881367388E-05,1.6554396967217945E-06,9.192939184645593E-06,0.05307899988729128,0.28981599121133467,0.06911439556743273,0.6140548940210159,""
MISSING COUNTY,Montana (2024),MISSING COUNTY,12,Dairy cattle and milk production,Indirect,0.8377951676631152,2.1769015900243995E-06,1.6613915336921047E-06,5.155100563322948E-07,0.045977041707102075,0.11092337874320413,0.05216019409781604,0.0442138766370325,""
MISSING COUNTY,Montana (2024),MISSING COUNTY,13,Poultry and egg production,Indirect,0.2776176911154088,2.2590687798867315E-07,1.281648650459256E-07,9.774201294274754E-08,0.01005667361991866,0.005505872462195721,0.014538812431171066,0.006649112836743971,""
MISSING COUNTY,Montana (2024),MISSING COUNTY,14,"Animal production, except cattle and poultry and eggs",Indirect,4.837780712034171,3.7397861667560947E-05,7.003857839547654E-06,3.0394003828013296E-05,0.4300337010484225,1.5762271209507017,0.195269427127624,2.3697109830083414,""
MISSING COUNTY,Montana (2024),MISSING COUNTY,15,"Forestry, forest products, and timber tract production",Indirect,0.04651850178619602,5.624109473373761E-07,3.078029522663999E-07,2.5460799507097623E-07,0.021918854190936286,0.011754495808349634,0.004134401350443042,0.005594779646292272,""
MISSING COUNTY,Montana (2024),MISSING COUNTY,16,Commercial logging,Indirect,6.8358047904074155,7.714986051849586E-05,3.916589224119289E-05,3.7983968277302974E-05,3.345335521575066,1.7977554270755158,0.3200601272873068,-0.0017694937303336178,""
MISSING COUNTY,Montana (2024),MISSING COUNTY,17,Commercial fishing,Indirect,1.5798606824552286,7.875050972898115E-05,4.690629319955953E-07,7.828144679698555E-05,0.07086010511889568,1.1183239286148452,0.9078979470534243,-0.5288366678567494,""
MISSING COUNTY,Montana (2024),MISSING COUNTY,18,Commercial hunting and trapping,Indirect,0.03754241621990572,1.9774122439776378E-07,7.250381454570156E-09,1.9049084294319362E-07,0.0004184513483251194,0.0279803491857098,0.003912549634248949,0.003928439858021807,""
MISSING COUNTY,Montana (2024),MISSING COUNTY,19,Support activities for agriculture and forestry,Indirect,1.0650432467946322,1.627012093367414E-05,8.208389769022391E-06,8.061731164651749E-06,0.9954070994055417,0.03985323351242529,0.03456041620657071,-0.005923373422360259,""
MISSING COUNTY,Montana (2024),MISSING COUNTY,20,Oil and gas extraction,Indirect,84.38166701988322,0.0001410598063607953,2.0562745617112994E-05,0.0001204970607436823,3.5513025908097013,10.870049944837795,9.439887970361504,4.028516545254873,""
MISSING COUNTY,Montana (2024),MISSING COUNTY,21,Coal mining,Indirect,26.74257591856736,3.335495985820161E-05,2.35605461405861E-05,9.794413717615508E-06,3.899271265300496,2.776476713340307,2.6532424480247228,5.4945131539969605,""
MISSING COUNTY,Montana (2024),MISSING COUNTY,22,"Copper, nickel, lead, and zinc mining",Indirect,97.52338389185645,0.00014250065164596133,0.00010384907660719115,3.865157503877016E-05,16.485925754110298,5.893902114871424,11.253620921022533,18.763952113367633,""
MISSING COUNTY,Montana (2024),MISSING COUNTY,24,Gold ore and silver ore mining,Indirect,3.1301566716325975,2.328353686910839E-06,1.5745741842599246E-06,7.537795026509145E-07,0.3231022095122126,1.4603370397751723,0.1353318479630646,0.12613873280898613,""
MISSING COUNTY,Montana (2024),MISSING COUNTY,25,Other metal ore mining,Indirect,0.12425461193165571,1.7352049116476555E-07,1.3484383897881585E-07,3.867665218594967E-08,0.024039938219996383,0.006999936353315479,0.013976086304729117,0.039012640788430565,""
MISSING COUNTY,Montana (2024),MISSING COUNTY,26,Stone mining and quarrying,Indirect,19.43664103760536,4.811180323812237E-05,4.354924903981008E-05,4.562554198312291E-06,3.9449628554589773,0.8089737761928832,1.9175045998884896,3.5180829616843385,""
MISSING COUNTY,Montana (2024),MISSING COUNTY,27,Sand and gravel mining,Indirect,5.186604977950598,1.5450621773930675E-05,1.4138110941678764E-05,1.312510832251908E-06,1.5426543762545524,0.34951372619050586,0.4591308217444658,0.4576128812595169,""
MISSING COUNTY,Montana (2024),MISSING COUNTY,29,Other nonmetallic mineral mining and quarrying,Indirect,0.5775470759226543,1.5705714788786084E-06,1.3127928095293308E-06,2.5777866934927765E-07,0.1907339321977429,0.05433577037520508,0.04685637861635375,0.0658343852214864,""
MISSING COUNTY,Montana (2024),MISSING COUNTY,30,Drilling oil and gas wells,Indirect,0.0007289971749386066,4.086581765379888E-09,2.6465999004081763E-09,1.439981864971711E-09,0.000315968391073749,1.5180272348542565E-05,3.231793347364756E-05,-3.170726655296631E-05,""
MISSING COUNTY,Montana (2024),MISSING COUNTY,31,Support activities for oil and gas operations,Indirect,0.2645470450944358,1.1841548819208548E-06,7.252141399452053E-07,4.589407419756494E-07,0.08741435843970889,0.011001571956309492,0.019613787193800525,0.02233674848353751,""
MISSING COUNTY,Montana (2024),MISSING COUNTY,32,Metal mining services,Indirect,0.3543607815982083,1.2722517135173414E-06,9.503851140165134E-07,3.2186659950082804E-07,0.11308952427262906,0.0034894001719168307,0.011719977713597368,0.008375467542772507,""
MISSING COUNTY,Montana (2024),MISSING COUNTY,33,Other nonmetallic minerals services,Indirect,0.004572451631819407,1.4770081687398554E-08,1.120541723538083E-08,3.564664452017725E-09,0.0016734209703372234,4.4972496897497875E-05,0.00012807206735352162,-1.5062799008425353E-05,""
MISSING COUNTY,Montana (2024),MISSING COUNTY,34,Electric power generation - Hydroelectric,Indirect,165.04567580755733,0.0001368325736978488,0.00012123250355690943,1.5600070140939365E-05,34.73947359259408,-0.06617870930019935,15.544544341501839,28.38752649630242,""
MISSING COUNTY,Montana (2024),MISSING COUNTY,35,Electric power generation - Fossil  fuel,Indirect,687.6688946326337,0.0004362711153016866,0.00040775746304263426,2.851365225905235E-05,71.87094171008381,-0.17969623180136768,62.793944062316406,135.59558358986027,""
MISSING COUNTY,Montana (2024),MISSING COUNTY,37,Electric power generation - Solar,Indirect,14.053760882272654,2.0318308768620556E-05,1.9197885332983868E-05,1.1204234356366855E-06,3.3782570650892834,-0.011188106344659266,1.2327983912960936,1.8448605812368963,""
MISSING COUNTY,Montana (2024),MISSING COUNTY,38,Electric power generation - Wind,Indirect,99.39815211231613,4.9173804109522035E-05,4.6260931504985344E-05,2.9128726045366964E-06,8.27269302995341,-0.016624950806198836,13.559227403318863,29.540544884648757,""
MISSING COUNTY,Montana (2024),MISSING COUNTY,40,Electric power generation - Biomass,Indirect,1.3107314799963918,1.0148354982753643E-06,1.0148354982753643E-06,0,0.2475223068959055,0,0.1064414639255205,0.2587473317197644,""
MISSING COUNTY,Montana (2024),MISSING COUNTY,41,Electric power generation - All other,Indirect,0.08259188902685978,2.823796423955531E-06,2.5249411030512365E-06,2.9885532090429373E-07,0.8293402711952086,-0.0023381215165996995,0.02077005433280567,-1.5874971360396108,""
MISSING COUNTY,Montana (2024),MISSING COUNTY,42,Electric power transmission and distribution,Indirect,2796.5539126520202,0.0019959409099497404,0.0018779122571319245,0.0001180286528178158,293.75535381538106,-0.7031846690141687,143.39348659510486,426.3426099498443,""
MISSING COUNTY,Montana (2024),MISSING COUNTY,43,Natural gas distribution,Indirect,94.00666832242943,0.00015516759983550272,0.00014569478435821467,9.472815477288054E-06,21.61273138612484,-0.044871699471924424,15.184723247163275,14.083549169679188,""
MISSING COUNTY,Montana (2024),MISSING COUNTY,44,"Water, sewage and other systems",Indirect,34.49664902758969,0.0001493985511055471,0.00014632047139707445,3.0780797084726506E-06,7.965084030287671,-0.017989851311838573,3.2163900068863245,1.8287775416184024,""
MISSING COUNTY,Montana (2024),MISSING COUNTY,55,Maintenance and repair construction of nonresidential structures,Indirect,1585.9309297420905,0.007532028314863135,0.004781045786006005,0.00275098252885713,450.23716735162446,173.40784781254348,14.471100291516565,76.14127059019023,""
MISSING COUNTY,Montana (2024),MISSING COUNTY,56,Maintenance and repair construction of residential structures,Indirect,13.583787586102277,8.660617525029198E-05,5.694207243002989E-05,2.96641028202621E-05,4.895592093750459,1.748837121861889,0.14631434133405272,0.7462066973910679,""
MISSING COUNTY,Montana (2024),MISSING COUNTY,57,"Maintenance and repair construction of highways, streets, bridges, and tunnels",Indirect,4.8483339674232635,2.314879973329713E-05,1.4692567098456428E-05,8.456232634840699E-06,1.3835585807139246,0.5330404487232784,0.045258480525242686,0.2524091320125289,""
MISSING COUNTY,Montana (2024),MISSING COUNTY,59,Other animal food manufacturing,Indirect,3.0727365721283677,1.7635598776152517E-06,1.3777060516264018E-06,3.8585382598884996E-07,0.14045529900040707,0.003489947133504096,0.009302620423678755,0.04640857512179193,""
MISSING COUNTY,Montana (2024),MISSING COUNTY,60,Flour milling,Indirect,0.5682650931876345,3.7791767574377664E-07,2.902281030452006E-07,8.768957269857602E-08,0.03464320425530322,0.0008491909115596625,0.0014022287352407476,0.01463068590568253,""
MISSING COUNTY,Montana (2024),MISSING COUNTY,61,Rice milling,Indirect,0.11079731535136608,1.2749138450665753E-07,1.0433969732186235E-07,2.315168718479519E-08,0.008732984768087933,0.000302233747525386,0.00019861783196271405,0.002904245813552641,""
MISSING COUNTY,Montana (2024),MISSING COUNTY,62,Malt manufacturing,Indirect,0.6068683648120127,4.785202931496486E-07,3.4886841878194345E-07,1.2965187436770515E-07,0.04200255899674921,0.0010067386503854747,0.0019309101204413102,0.017863012040408036,""
MISSING COUNTY,Montana (2024),MISSING COUNTY,64,Soybean and other oilseed processing,Indirect,0.6391199874500523,8.608661602553814E-08,6.592534542080397E-08,2.0161270604734174E-08,0.005662396766260356,0.00015259584245282877,0.003863932627117379,0.006562341208421241,""
MISSING COUNTY,Montana (2024),MISSING COUNTY,66,Breakfast cereal manufacturing,Indirect,0.017405902274412105,1.873991639191491E-08,1.478606776382207E-08,3.953848628092838E-09,0.001149293497471897,2.722113336710595E-05,4.2319000870856656E-05,0.0004541577297982489,""
MISSING COUNTY,Montana (2024),MISSING COUNTY,67,Beet sugar manufacturing,Indirect,0.2602881475987767,4.097557224099135E-07,3.281182099489148E-07,8.163751246099875E-08,0.03190283132050318,0.0006684829168534369,0.001054230650891149,0.008837113186617998,""
MISSING COUNTY,Montana (2024),MISSING COUNTY,69,Nonchocolate confectionery manufacturing,Indirect,0.5814725646543022,1.2154287677262612E-06,9.847232369202506E-07,2.3070553080601055E-07,0.07829383542130242,0.0031917613804095376,0.0010384501858096457,0.0036282392681889247,""
MISSING COUNTY,Montana (2024),MISSING COUNTY,70,Chocolate and confectionery manufacturing from cacao beans,Indirect,0.1383964788020653,2.3148873810887385E-07,1.944280023854327E-07,3.706073572344113E-08,0.014235810224375728,0.0008348561425146753,0.0004025716399878307,0.004212845528306373,""
MISSING COUNTY,Montana (2024),MISSING COUNTY,71,Confectionery manufacturing from purchased chocolate,Indirect,0.622515259546829,1.603826078004583E-06,1.4336982973760841E-06,1.701277806284989E-07,0.07192583207035116,0.0027802307901958288,0.0011517786124695757,0.00608857567609035,""
MISSING COUNTY,Montana (2024),MISSING COUNTY,73,Frozen specialties manufacturing,Indirect,0.027339201759052193,7.060354488139067E-08,6.280380418055131E-08,7.799740700839355E-09,0.002863242654536124,8.242731076739682E-05,4.030117081779683E-05,0.0004223203081071612,""
MISSING COUNTY,Montana (2024),MISSING COUNTY,74,Canned fruits and vegetables manufacturing,Indirect,0.020564234330431898,3.558657037953522E-08,3.246886951698607E-08,3.117700862549153E-09,0.0013471309673300327,5.33716205730937E-05,3.9581428951297604E-05,0.0003306412671092818,""
MISSING COUNTY,Montana (2024),MISSING COUNTY,75,Canned specialties,Indirect,0.10283203006096636,1.1699739555491488E-07,1.0493523315534487E-07,1.206216239956999E-08,0.0043304872942433415,0.00015094066573856797,0.0001318147680828278,0.0010809310702547213,""
MISSING COUNTY,Montana (2024),MISSING COUNTY,77,Cheese manufacturing,Indirect,0.07929890614783852,6.766779935414477E-08,4.9750339373918014E-08,1.7917459980226762E-08,0.00542864585175753,0.00015194529072602977,0.00017817361630869305,0.0015776174516099232,""
MISSING COUNTY,Montana (2024),MISSING COUNTY,79,Fluid milk manufacturing,Indirect,3.8551930450227228,4.148393785995598E-06,3.475151867250648E-06,6.732419187449506E-07,0.30069128125851363,0.011715439658786636,0.008440702171374957,0.06842500162999875,""
MISSING COUNTY,Montana (2024),MISSING COUNTY,81,Ice cream and frozen dessert manufacturing,Indirect,0.08456065456742205,1.9828793958800564E-07,1.658138435622015E-07,3.2474096025804145E-08,0.01368098822965569,0.0005133819008359267,0.00016761994300323633,0.0018380346139526013,""
MISSING COUNTY,Montana (2024),MISSING COUNTY,82,Frozen cakes and other pastries manufacturing,Indirect,0.026838758069354002,1.0185929495877964E-07,9.239164099322909E-08,9.467653965550551E-09,0.004435629643204179,0.0004615786465119293,0.00015219118854953596,0.0023478890059420556,""
MISSING COUNTY,Montana (2024),MISSING COUNTY,83,Poultry processing,Indirect,0.07106650810638204,1.713919402326567E-07,1.370150709475112E-07,3.43768692851455E-08,0.012352634891236745,0.00045708736413722434,0.00014175405790354853,0.0016682443886730067,""
MISSING COUNTY,Montana (2024),MISSING COUNTY,84,"Animal, except poultry, slaughtering",Indirect,1.1920356259753206,1.5780291848881909E-06,1.3444675098608756E-06,2.3356167502731538E-07,0.06757650273411238,0.0015379159407712618,0.002961978663078521,0.011202443411658936,""
MISSING COUNTY,Montana (2024),MISSING COUNTY,85,Meat processed from carcasses,Indirect,0.1768195756557713,3.025439709083276E-07,2.5456260735566104E-07,4.7981363552666596E-08,0.015441514377443856,0.0004230392462817999,0.00033591815267609214,0.001202831295034732,""
MISSING COUNTY,Montana (2024),MISSING COUNTY,86,Rendering and meat byproduct processing,Indirect,0.0013369422527923316,1.5409658349832645E-09,1.274350347677344E-09,2.666154873059206E-10,0.00013397082258143907,6.5885446441217045E-06,3.5723525786171224E-06,4.4826137382563246E-05,""
MISSING COUNTY,Montana (2024),MISSING COUNTY,88,"Bread and bakery product, except frozen, manufacturing",Indirect,1.5995906311864274,8.764548691169932E-06,7.908065547089896E-06,8.564831440800356E-07,0.39838064351285263,0.027366910733627212,0.009127381329767377,0.12830428029014287,""
MISSING COUNTY,Montana (2024),MISSING COUNTY,89,Cookie and cracker manufacturing,Indirect,0.09096066324864262,2.85617129092474E-07,2.3860779051217856E-07,4.700933858029548E-08,0.017450702740912465,0.0008525437799936028,0.00033029543235366153,0.001966425093106683,""
MISSING COUNTY,Montana (2024),MISSING COUNTY,90,"Dry pasta, mixes, and dough manufacturing",Indirect,0.0985372591631627,1.4576940623984882E-07,1.1801226949479882E-07,2.7757136745049987E-08,0.010153238257905808,0.0003804558303435076,0.0003825028002485072,0.004769815085733588,""
MISSING COUNTY,Montana (2024),MISSING COUNTY,91,Tortilla manufacturing,Indirect,0.10486927575452093,3.2881925065984066E-07,2.906556125457624E-07,3.816363811407824E-08,0.018549841781949978,0.0004172932812541579,0.0002332389628264245,0.00030676676121453497,""
MISSING COUNTY,Montana (2024),MISSING COUNTY,92,Roasted nuts and peanut butter manufacturing,Indirect,0.15765033864411176,2.3346552804803766E-07,2.3346552804803766E-07,0,0.02059333186049828,0,0,0.004527399372837609,""
MISSING COUNTY,Montana (2024),MISSING COUNTY,93,Other snack food manufacturing,Indirect,0.15664031716076213,2.6364506687803955E-07,2.552753282522663E-07,8.36973862577324E-09,0.019764974737439215,0.00010091276420565745,0.00019869124231181113,0.004430035967154838,""
MISSING COUNTY,Montana (2024),MISSING COUNTY,94,Coffee and tea manufacturing,Indirect,0.18418195672238016,2.914216948369886E-07,2.662988373607712E-07,2.5122857476217474E-08,0.011864453997741388,0.00039214667666442784,0.0004178998519326363,0.0029899583701111254,""
MISSING COUNTY,Montana (2024),MISSING COUNTY,98,All other food manufacturing,Indirect,0.09651000967876941,2.0971900396341208E-07,1.8053458474096954E-07,2.9184419222442538E-08,0.011329478873021766,0.0003842219663950309,0.00016380791027832114,0.0013199475071838562,""
MISSING COUNTY,Montana (2024),MISSING COUNTY,99,Bottled and canned soft drinks and water,Indirect,3.2949433805296113,4.909736054845908E-06,4.459012205509863E-06,4.5072384933604517E-07,0.30453460066572163,0.001205134894448711,0.009276678016823785,0.09338419089305296,""
MISSING COUNTY,Montana (2024),MISSING COUNTY,100,Manufactured ice,Indirect,0.19843415079917942,1.077110625677196E-06,9.916205943957644E-07,8.549003128143155E-08,0.0586806141123979,0.00019271961559571912,0.0005004404832361389,-0.01975204758927862,""
MISSING COUNTY,Montana (2024),MISSING COUNTY,101,Breweries,Indirect,5.240493852884838,1.9274524316558746E-05,1.8197439220763874E-05,1.0770850957948723E-06,0.7776627894839214,0.002035754696642107,0.13808511268279064,0.15249531925444637,""
MISSING COUNTY,Montana (2024),MISSING COUNTY,102,Wineries,Indirect,0.5380727306078554,2.012251540969288E-06,1.953047244959583E-06,5.920429600970492E-08,0.04433725360975371,0.00013803340433462099,0.005435276342755988,0.011425830762995791,""
MISSING COUNTY,Montana (2024),MISSING COUNTY,103,Distilleries,Indirect,0.15416838703734365,2.2751752080775348E-07,2.0684055701734427E-07,2.0676963790409197E-08,0.010083564680959656,3.327432872000548E-05,0.015793887951014322,0.004133530196502,""
MISSING COUNTY,Montana (2024),MISSING COUNTY,104,Tobacco manufacturing,Indirect,0.0009483951083629247,3.2660580671605975E-10,2.8596415005248646E-10,4.064165666357323E-11,2.1159436257964905E-05,3.8653779970589473E-08,0.00012464244178352266,6.384324815076234E-05,""
MISSING COUNTY,Montana (2024),MISSING COUNTY,106,Broadwoven fabric mills,Indirect,0.13403100035477677,5.049058723184892E-07,4.20393689211191E-08,4.6286650339737003E-07,0.0032549627864121825,0.007054429194465997,0.002839715236176774,-0.0009065233345691674,""
MISSING COUNTY,Montana (2024),MISSING COUNTY,110,Textile and fabric finishing mills,Indirect,0.04360723527299448,1.5204973566196165E-07,2.5715155864742324E-08,1.2633457979721934E-07,0.0020637819885435567,0.0020449149723863603,0.0007132958218553297,-0.000490743845112938,""
MISSING COUNTY,Montana (2024),MISSING COUNTY,113,Curtain and linen mills,Indirect,0.012880530819206062,6.361392253040067E-08,5.1458540827126273E-08,1.2155381703274394E-08,0.0033393594101939006,0.00042878253874887483,0.00019802099089682624,-0.0005339482081833186,""
MISSING COUNTY,Montana (2024),MISSING COUNTY,114,Textile bag and canvas mills,Indirect,0.014875141144418779,7.573941606804164E-08,6.137109761644911E-08,1.4368318451592524E-08,0.0037587978404944565,0.0004351676172006189,0.00014319203793564434,-0.00048105155322543256,""
MISSING COUNTY,Montana (2024),MISSING COUNTY,116,Other textile product mills,Indirect,0.9220389197781642,6.0253010989256995E-06,5.213526021833902E-06,8.117750770917977E-07,0.22428393390101659,0.025234921554788552,0.01356544382950224,-0.06119556178949639,""
MISSING COUNTY,Montana (2024),MISSING COUNTY,118,Cut and sew apparel contractors,Indirect,0.004038202816699787,1.6210515740496163E-07,1.8067281474054078E-08,1.4403787593090753E-07,0.0006117581498979244,0.006947692611761277,2.3199354344403164E-05,-0.014589455694926923,""
MISSING COUNTY,Montana (2024),MISSING COUNTY,119,Cut and sew apparel manufacturing (except contractors),Indirect,0.003321013214487519,2.6491904099861336E-08,6.28112999858041E-09,2.0210774101280923E-08,7.877798732100109E-05,0.0009512770695901196,1.2381284207086847E-05,1.4201990474706801E-05,""
MISSING COUNTY,Montana (2024),MISSING COUNTY,120,Apparel accessories and other apparel manufacturing,Indirect,0.26256585024127577,1.611748165625962E-06,1.9155101644162254E-07,1.4201971491843395E-06,0.007300736522377514,0.1459981383979607,0.0005649701886113913,0.0007378966597971577,""
MISSING COUNTY,Montana (2024),MISSING COUNTY,121,Leather and hide tanning and finishing,Indirect,0.04869274369964466,2.1161915185107814E-07,7.605547285885028E-08,1.3556367899222785E-07,0.003332838182413116,0.00702573903474468,0.00037980244786124705,0.0012444427832207137,""
MISSING COUNTY,Montana (2024),MISSING COUNTY,122,Footwear manufacturing,Indirect,0.011510672692006212,7.155701399761777E-08,3.508773938108859E-08,3.646927461652918E-08,0.0006924006439529403,0.0010662273551395695,3.625480147655473E-05,1.1843502431241143E-05,""
MISSING COUNTY,Montana (2024),MISSING COUNTY,123,Other leather and allied product manufacturing,Indirect,0.10387079437151162,6.250108863042189E-07,2.705587062870919E-07,3.5445218001712703E-07,0.011314433252490003,0.020513417867684715,0.00030378660355697535,0.0002661776509799096,""
MISSING COUNTY,Montana (2024),MISSING COUNTY,124,Sawmills,Indirect,44.40031197112067,9.623207386511381E-05,8.035233850974689E-05,1.58797353553669E-05,6.401477579157031,0.763063714263358,0.23428037339883104,1.5881493146639367,""
MISSING COUNTY,Montana (2024),MISSING COUNTY,125,Wood preservation,Indirect,6.39803499724122,7.108894112409527E-06,5.9788692296451635E-06,1.1300248827643645E-06,0.45243276132387034,0.06346390849679252,0.039212340283085484,0.4362783869922899,""
MISSING COUNTY,Montana (2024),MISSING COUNTY,126,Veneer and plywood manufacturing,Indirect,4.852767996341983,1.1524787579726826E-05,8.486603339830167E-06,3.0381842398966577E-06,1.0230912468446833,0.1275753845260883,0.028544375684045203,0.4121393428615909,""
MISSING COUNTY,Montana (2024),MISSING COUNTY,127,Engineered wood member and truss manufacturing,Indirect,5.204838598738665,1.2155438933781148E-05,1.05596117632371E-05,1.5958271705440488E-06,0.8460757749254358,0.11733864247256771,0.019981018137748243,0.20194321510848226,""
MISSING COUNTY,Montana (2024),MISSING COUNTY,128,Reconstituted wood product manufacturing,Indirect,7.162375682875937,7.841851014302766E-06,6.262562408264566E-06,1.5792886060382012E-06,0.6939176424065487,0.09548264540831851,0.0379247694421889,0.5974867339433578,""
MISSING COUNTY,Montana (2024),MISSING COUNTY,129,Wood windows and door manufacturing,Indirect,32.188835834584836,0.00010447215066594954,9.351197240071119E-05,1.096017826523835E-05,4.956105295388124,0.6969114887624113,0.17357462595486345,1.0733328680619214,""
MISSING COUNTY,Montana (2024),MISSING COUNTY,130,"Cut stock, resawing lumber, and planing",Indirect,15.303865839523805,4.064024496541817E-05,3.5226159787936806E-05,5.41408517748137E-06,2.312262417339038,0.230910212839364,0.08064640434489606,0.926160313348931,""
MISSING COUNTY,Montana (2024),MISSING COUNTY,131,"Other millwork, including flooring",Indirect,26.476425123093325,8.357607875397445E-05,7.499064554004615E-05,8.5854332139283E-06,5.067808599499468,0.5646548505905429,0.14310505588636657,1.3441032160270725,""
MISSING COUNTY,Montana (2024),MISSING COUNTY,132,Wood container and pallet manufacturing,Indirect,3.774642846315458,1.3715594360398833E-05,1.2674641998622193E-05,1.0409523617766394E-06,0.6191750423871829,0.06485377660445091,0.016972304853317913,0.12641561184294128,""
MISSING COUNTY,Montana (2024),MISSING COUNTY,134,Prefabricated wood building manufacturing,Indirect,6.520766807221538,1.8154148727283638E-05,1.6165572882814224E-05,1.988575844469415E-06,1.2095676965935314,0.11628466802543592,0.02836627794058685,0.32378474227177834,""
MISSING COUNTY,Montana (2024),MISSING COUNTY,135,All other miscellaneous wood product manufacturing,Indirect,5.705084502653728,1.9521867679295978E-05,1.7864013437160222E-05,1.6578542421357576E-06,0.9239551810429527,0.10335877349123443,0.02992566538162868,0.2318286601771609,""
MISSING COUNTY,Montana (2024),MISSING COUNTY,139,Paperboard container manufacturing,Indirect,0.6876858167733603,1.0803123996197743E-06,1.0803123996197743E-06,0,0.11731151467688403,0,0.009960748731081045,0.0005171032660728951,""
MISSING COUNTY,Montana (2024),MISSING COUNTY,144,Printing,Indirect,661.6576530659191,0.003134442075075694,0.002561872983288902,0.0005725690917867916,169.10499270474457,17.177418562816193,7.079497874747333,78.70475274472088,""
MISSING COUNTY,Montana (2024),MISSING COUNTY,145,Support activities for printing,Indirect,0.8372698609484318,5.580484540353855E-06,4.521583449326761E-06,1.0589010910270938E-06,0.2890159416594685,0.027243120563566186,0.008214890521779875,0.0951752559887142,""
MISSING COUNTY,Montana (2024),MISSING COUNTY,146,Petroleum refineries,Indirect,960.1016791185318,9.798014832878482E-05,9.025896917243392E-05,7.7211791563509E-06,23.27574012170751,1.1352539649922337,7.034335341485462,96.77318663734869,""
MISSING COUNTY,Montana (2024),MISSING COUNTY,147,Asphalt paving mixture and block manufacturing,Indirect,3.554583354436563,2.644212463586665E-06,2.5934513296078577E-06,5.0761133978807424E-08,0.35244910020270126,0.004873089515166346,0.023299957913228538,-0.0014156378940060562,""
MISSING COUNTY,Montana (2024),MISSING COUNTY,149,Petroleum lubricating oil and grease manufacturing,Indirect,1.3503144260058249,9.123204331563742E-07,8.920566290602693E-07,2.0263804096104956E-08,0.11606876860449669,0.0014273138108385197,0.007675204617380503,0.11503293574360146,""
MISSING COUNTY,Montana (2024),MISSING COUNTY,152,Industrial gas manufacturing,Indirect,11.01534870922088,6.116365045580362E-06,5.288268301442101E-06,8.280967441382615E-07,1.0294736684488681,0.09066071361381298,0.28462435080161064,0.9768801115523632,""
MISSING COUNTY,Montana (2024),MISSING COUNTY,154,Other basic inorganic chemical manufacturing,Indirect,1.7067368947757673,1.5718136020156802E-06,1.4050142224097092E-06,1.667993796059709E-07,0.2224998819823896,0.031229572913940837,0.041250578645822926,0.20590916944802756,""
MISSING COUNTY,Montana (2024),MISSING COUNTY,159,Nitrogenous fertilizer manufacturing,Indirect,2.585876347907198,1.2331995761633883E-06,1.1281756261485875E-06,1.0502395001480052E-07,0.17591995392489734,0.012162644028881318,0.07987113037502659,0.4426583085488268,""
MISSING COUNTY,Montana (2024),MISSING COUNTY,161,Fertilizer mixing,Indirect,0.0466369427954322,5.654979592708033E-08,5.3251751827699866E-08,3.29804409938046E-09,0.006481643009490536,0.00042076310073103457,0.0005075537720746405,0.0016846290619762397,""
MISSING COUNTY,Montana (2024),MISSING COUNTY,162,Pesticide and other agricultural chemical manufacturing,Indirect,0.18352314096554165,1.1105493035313028E-07,9.966158408245913E-08,1.1393346270671151E-08,0.012562853392555877,0.0010105117580249715,0.004181698528557739,0.018950391503530922,""
MISSING COUNTY,Montana (2024),MISSING COUNTY,163,Medicinal and botanical manufacturing,Indirect,0.07448372064013166,1.2587930515671688E-07,1.1820651459610761E-07,7.672790560609282E-09,0.009785437694990894,0.0006757266781617931,0.0013557926708133898,0.003737406331745704,""
MISSING COUNTY,Montana (2024),MISSING COUNTY,164,Pharmaceutical preparation manufacturing,Indirect,0.0010945728156198508,1.1003509463570795E-09,9.202610436158326E-10,1.8008990274124692E-10,0.00020492217410051494,2.0720234346943135E-05,5.1562908922427725E-05,0.00017034250224040476,""
MISSING COUNTY,Montana (2024),MISSING COUNTY,166,Biological product (except diagnostic) manufacturing,Indirect,0.0003194304843073881,6.008330494413578E-10,5.518228236672832E-10,4.90102257740745E-11,5.999924635806516E-05,4.787131365205951E-06,9.941625956415585E-06,2.9536325488943686E-05,""
MISSING COUNTY,Montana (2024),MISSING COUNTY,167,Paint and coating manufacturing,Indirect,0.11479610127175609,1.2028802542183324E-07,1.0638078802558683E-07,1.3907237396246401E-08,0.018253277348438592,0.002068490974934196,0.002172627746665546,0.013531476208283273,""
MISSING COUNTY,Montana (2024),MISSING COUNTY,169,Soap and other detergent manufacturing,Indirect,1.9693841941960548,1.8617867105568022E-06,1.736150784115901E-06,1.2563592644090108E-07,0.12406279419032397,0.022281162503236786,0.04736582758093449,0.14940070357814184,""
MISSING COUNTY,Montana (2024),MISSING COUNTY,172,Toilet preparation manufacturing,Indirect,0.010202214374232136,1.70036815268264E-08,1.6356935058957822E-08,6.467464678685773E-10,0.0008461091915605998,6.193734121350938E-05,0.00032076117596481425,0.0008977158609158153,""
MISSING COUNTY,Montana (2024),MISSING COUNTY,176,Photographic film and chemical manufacturing,Indirect,6.994437746447069,1.0080809310918547E-05,9.503197741107013E-06,5.776115698115346E-07,0.840145814384194,0.041325605698550025,0.22358309190218323,0.7607584209534224,""
MISSING COUNTY,Montana (2024),MISSING COUNTY,177,Other miscellaneous chemical product manufacturing,Indirect,5.135573672311153,7.003988209718405E-06,6.698744788778015E-06,3.0524342094039E-07,0.4373171135709184,0.0415556839383027,0.11961810898245709,0.2108899401684543,""
MISSING COUNTY,Montana (2024),MISSING COUNTY,179,Unlaminated plastics profile shape manufacturing,Indirect,1.4973253660144494,2.570940450088912E-06,2.430001201027945E-06,1.4093924906096702E-07,0.1854557123305106,-0.0005212260895768828,0.00757379739960513,0.03134227334110146,""
MISSING COUNTY,Montana (2024),MISSING COUNTY,180,Plastics pipe and pipe fitting manufacturing,Indirect,0.9963761459450045,1.327366388923939E-06,1.272894168321556E-06,5.447222060238277E-08,0.08968713947955001,-0.0002270264112058923,0.010967608894854198,0.08144630411897893,""
MISSING COUNTY,Montana (2024),MISSING COUNTY,181,"Laminated plastics plate, sheet (except packaging), and shape manufacturing",Indirect,0.25224788932314524,6.192304586739622E-07,5.804121244546365E-07,3.8818334219325653E-08,0.05147190462167318,-0.00015074433917784688,0.0017531363390366607,0.016480777707248772,""
MISSING COUNTY,Montana (2024),MISSING COUNTY,182,Polystyrene foam product manufacturing,Indirect,2.2260484282887902,4.095417305120009E-06,3.824753179377453E-06,2.7066412574255567E-07,0.3928428061463028,-0.0010501015897764001,0.013961424462024195,0.08284818583520107,""
MISSING COUNTY,Montana (2024),MISSING COUNTY,183,Urethane and other foam product (except polystyrene) manufacturing,Indirect,0.36215038468092525,8.051291433215803E-07,7.64551480473824E-07,4.057766284775616E-08,0.05896977896273186,-0.00015334837662934274,0.0025773879314260686,0.01342272515739673,""
MISSING COUNTY,Montana (2024),MISSING COUNTY,185,Other plastics product manufacturing,Indirect,5.746336559574722,1.5187621274520008E-05,1.4145899645322563E-05,1.041721629197444E-06,1.3312669417124172,-0.004091820622745361,0.038360489451050195,0.19276419879198722,""
MISSING COUNTY,Montana (2024),MISSING COUNTY,186,Tire manufacturing,Indirect,1.0088898086537712,2.5406700972378523E-06,2.34931845425667E-06,1.9135164298118253E-07,0.14541495499361246,-0.00034063876287742235,0.020080251658504817,0.021486128144370304,""
MISSING COUNTY,Montana (2024),MISSING COUNTY,187,Rubber and plastics hoses and belting manufacturing,Indirect,0.04273614729271951,1.2197439231725735E-07,1.1686649582569639E-07,5.107896491560948E-09,0.006518240759881333,-1.5574596395511153E-05,0.0003539279915171794,0.0015388229717695563,""
MISSING COUNTY,Montana (2024),MISSING COUNTY,188,Other rubber product manufacturing,Indirect,0.05517401391923066,1.6719206326870447E-07,1.6085168055417532E-07,6.340382714529139E-09,0.008725057292761877,-2.6072242679722103E-05,0.0004643812509729881,0.0012564708307889313,""
MISSING COUNTY,Montana (2024),MISSING COUNTY,189,"Pottery, ceramics, and plumbing fixture manufacturing",Indirect,0.011064670939046485,4.7564758443958606E-08,4.7564758443958606E-08,0,0.002387948065207314,0,0.00018128650814735822,0.0004948174348192886,""
MISSING COUNTY,Montana (2024),MISSING COUNTY,192,Other pressed and blown glass and glassware manufacturing,Indirect,1.0871359827793081,3.3812141422122497E-06,3.1067641806210125E-06,2.744499615912374E-07,0.21688720607143688,0.0006621409304823319,0.01615342581804312,0.08404719221213672,""
MISSING COUNTY,Montana (2024),MISSING COUNTY,194,Glass product manufacturing made of purchased glass,Indirect,0.07833577610010875,2.367196490912883E-07,2.1421586376930579E-07,2.250378532198251E-08,0.016242022004987713,4.74162617495214E-05,0.0008480222745975903,0.0035142754618833314,""
MISSING COUNTY,Montana (2024),MISSING COUNTY,195,Cement manufacturing,Indirect,11.151541425697921,1.2570229321213706E-05,1.079528287616124E-05,1.7749464450524652E-06,1.4202466476183906,0.003908829399467813,0.1826684034057875,1.831609189656582,""
MISSING COUNTY,Montana (2024),MISSING COUNTY,196,Ready-mix concrete manufacturing,Indirect,34.087567616092514,6.856996199268445E-05,6.186628314975502E-05,6.7036788429294204E-06,5.634376346032021,0.013841603656498105,0.5133534044792946,1.9785167978319305,""
MISSING COUNTY,Montana (2024),MISSING COUNTY,198,Concrete pipe manufacturing,Indirect,2.0008348083903558,5.104885110964401E-06,4.5132079103469E-06,5.916772006175003E-07,0.4930482367074065,0.0008685007928312215,0.04111233403077121,0.2554524602523997,""
MISSING COUNTY,Montana (2024),MISSING COUNTY,199,Other concrete product manufacturing,Indirect,13.781485082390006,4.2787523968675694E-05,3.876682637876852E-05,4.020697589907168E-06,3.2726153721604643,0.00821163497113767,0.20230279927403577,1.1382026299259616,""
MISSING COUNTY,Montana (2024),MISSING COUNTY,203,Cut stone and stone product manufacturing,Indirect,0.9461946528326199,4.2955322855924495E-06,3.936025250610479E-06,3.595070349819707E-07,0.2997134297367345,0.0008304345609967145,0.012036858648829895,0.03937523413372624,""
MISSING COUNTY,Montana (2024),MISSING COUNTY,204,Ground or treated mineral and earth manufacturing,Indirect,1.091853273650858,1.5114446557712651E-06,1.203488602608804E-06,3.0795605316246133E-07,0.2234889742510506,0.0008590325330807186,0.015509632656665074,0.140640303095228,""
MISSING COUNTY,Montana (2024),MISSING COUNTY,205,Mineral wool manufacturing,Indirect,1.9883454843276247,3.364649784594748E-06,2.775520766404889E-06,5.89129018189859E-07,0.43215655222115446,0.0015172812958570792,0.026909203008418297,0.3025351277660195,""
MISSING COUNTY,Montana (2024),MISSING COUNTY,209,Rolled steel shape manufacturing,Indirect,0.1637926547333645,7.927315107417432E-08,7.927315107417432E-08,0,0.008689877112571546,0,0.0024458793218546876,0.07021204391655235,""
MISSING COUNTY,Montana (2024),MISSING COUNTY,210,Steel wire drawing,Indirect,0.007780240389475437,8.701098685051403E-09,8.701098685051403E-09,0,0.0007648158388027808,0,0.0001053903839778736,0.0017760957840350989,""
MISSING COUNTY,Montana (2024),MISSING COUNTY,218,Secondary processing of other nonferrous metals,Indirect,0.02228348074810892,1.3534458102966709E-08,1.3534458102966709E-08,0,0.0015395912605044753,0,0.0002554684273680589,0.007510338707004957,""
MISSING COUNTY,Montana (2024),MISSING COUNTY,219,Ferrous metal foundries,Indirect,0.1615697323867123,3.1732580570346396E-07,2.83491451865519E-07,3.3834353837944986E-08,0.02488528678516102,-3.096159582827608E-06,0.0024017838454568462,0.0409631195401647,""
MISSING COUNTY,Montana (2024),MISSING COUNTY,220,Nonferrous metal foundries,Indirect,0.019829711529059442,5.822535962287389E-08,5.2651514841404577E-08,5.573844781469315E-09,0.003994412124686258,-4.4022804647297766E-07,0.0002715893157086309,0.003794672552494843,""
MISSING COUNTY,Montana (2024),MISSING COUNTY,222,"Metal crown, closure, and other metal stamping (except automotive)",Indirect,0.12551042996813602,3.845355441556472E-07,3.033020076532239E-07,8.123353650242332E-08,0.02677424577007824,0.0016191389293187567,0.0009860301128007988,0.004703000244885435,""
MISSING COUNTY,Montana (2024),MISSING COUNTY,223,Iron and steel forging,Indirect,0.08544492331460386,1.8378029070721546E-07,1.4294626788900883E-07,4.0834022818206637E-08,0.014773175991063143,0.0009129708625890725,0.0009024564793062975,0.003583344645063916,""
MISSING COUNTY,Montana (2024),MISSING COUNTY,225,"Cutlery, utensil, pot, and pan manufacturing",Indirect,0.3875318613521818,6.556803898578889E-07,5.275645744611075E-07,1.2811581539678133E-07,0.05844056113955971,0.003985676340316041,0.005221332148681456,0.0368644132158214,""
MISSING COUNTY,Montana (2024),MISSING COUNTY,226,Handtool manufacturing,Indirect,0.7045730707690844,2.078496711594551E-06,1.7611069731845987E-06,3.173897384099523E-07,0.12188633725880578,0.008221001973332632,0.007435777205843128,0.024110361130783124,""
MISSING COUNTY,Montana (2024),MISSING COUNTY,227,Prefabricated metal buildings and components manufacturing,Indirect,0.10357009062579185,1.9618555048744972E-07,1.6243546430736155E-07,3.375008618008817E-08,0.01587545088060109,0.0009854073656519109,0.0010404779730794587,0.002207368761819487,""
MISSING COUNTY,Montana (2024),MISSING COUNTY,228,Fabricated structural metal manufacturing,Indirect,6.25313571365807,1.1399146186410816E-05,9.685287354446217E-06,1.7138588319645986E-06,0.8557599402771063,0.05372349434251154,0.07225498951417433,0.18768481155155317,""
MISSING COUNTY,Montana (2024),MISSING COUNTY,229,Plate work manufacturing,Indirect,2.524582009507297,8.097494990984488E-06,6.801356739987525E-06,1.2961382509969618E-06,0.6071495783291172,0.038772595129971964,0.03244844994764258,0.047952982807341324,""
MISSING COUNTY,Montana (2024),MISSING COUNTY,230,Metal window and door manufacturing,Indirect,0.5150417542543958,1.3563137663063403E-06,1.1253288132639675E-06,2.3098495304237292E-07,0.1037588001667284,0.006467885448225435,0.004432511403748368,0.015019669022986092,""
MISSING COUNTY,Montana (2024),MISSING COUNTY,231,Sheet metal work manufacturing,Indirect,1.3709057635891004,4.365165176648355E-06,3.7196849046124476E-06,6.454802720359071E-07,0.288910141923798,0.018500150887903247,0.014744439885565046,0.05604407272768999,""
MISSING COUNTY,Montana (2024),MISSING COUNTY,232,Ornamental and architectural metal work manufacturing,Indirect,2.80740991188204,9.977616243338195E-06,8.63478795549829E-06,1.3428282878399053E-06,0.6506304243083332,0.0412602763307123,0.025968506889577043,0.06118588963613336,""
MISSING COUNTY,Montana (2024),MISSING COUNTY,233,Power boiler and heat exchanger manufacturing,Indirect,0.0006190994569996651,1.6960697176760875E-09,1.4478325466022857E-09,2.4823717107380174E-10,0.00011697685269765469,5.542939332203291E-06,7.329554828436391E-06,1.526132899796287E-05,""
MISSING COUNTY,Montana (2024),MISSING COUNTY,234,Metal tank (heavy gauge) manufacturing,Indirect,0.0038588583631930825,1.1085934945379964E-08,9.653083399326915E-09,1.432851546053049E-09,0.0006843358345058867,3.8689762356190696E-05,4.179528512142514E-05,0.00011974696909735361,""
MISSING COUNTY,Montana (2024),MISSING COUNTY,237,Hardware manufacturing,Indirect,0.0881237790002347,1.9747829637918778E-07,1.658006523525532E-07,3.16776440266346E-08,0.012070259214077273,0.0007482882511470097,0.0008954160424779951,0.001931997583780744,""
MISSING COUNTY,Montana (2024),MISSING COUNTY,238,Spring and wire product manufacturing,Indirect,0.17428663197366517,5.35530228769324E-07,4.631275981190475E-07,7.240263065027657E-08,0.02784575345038558,0.0016273539445431009,0.0017146154070074467,0.005531065691262945,""
MISSING COUNTY,Montana (2024),MISSING COUNTY,239,Machine shops,Indirect,3.8864582431451073,2.0297776788539415E-05,1.7484657420084944E-05,2.8131193684544727E-06,1.1851238205339814,0.07825919844180113,0.0360252692026019,0.10005629670950822,""
MISSING COUNTY,Montana (2024),MISSING COUNTY,240,"Turned product and screw, nut, and bolt manufacturing",Indirect,3.795928619962892,1.1412689199682644E-05,8.991873682498729E-06,2.4208155171839138E-06,0.8868749865892674,0.058641035784087414,0.03579894351045502,0.12391631752439138,""
MISSING COUNTY,Montana (2024),MISSING COUNTY,241,Metal heat treating,Indirect,0.21388137785271544,7.268606555109419E-07,6.477345883962353E-07,7.912606711470664E-08,0.03179725433167476,0.0019812996339211362,0.0020703841688228474,0.004718413907234916,""
MISSING COUNTY,Montana (2024),MISSING COUNTY,242,Metal coating and nonprecious engraving,Indirect,0.9781706413322868,2.8651842752629118E-06,2.444961681686945E-06,4.202225935759664E-07,0.1701897300584202,0.010910445178977466,0.010376670888358273,0.058844399374996546,""
MISSING COUNTY,Montana (2024),MISSING COUNTY,243,"Electroplating, anodizing, and coloring metal",Indirect,0.03114536025570919,2.1259581813349468E-07,1.9336310709554375E-07,1.9232711037950935E-08,0.007479804428487421,0.00046333674853230614,0.0003327671276886076,0.0003534070330571985,""
MISSING COUNTY,Montana (2024),MISSING COUNTY,244,"Valve and fittings, other than plumbing, manufacturing",Indirect,0.593587903394836,1.1228272055446322E-06,7.386056724262892E-07,3.84221533118343E-07,0.16606264963202147,0.010500108808962084,0.004933997530302038,0.03976854216325862,""
MISSING COUNTY,Montana (2024),MISSING COUNTY,247,Small arms ammunition manufacturing,Indirect,0.07345680508077285,1.797997221252567E-07,1.6381396709919338E-07,1.5985755026063323E-08,0.008488251423026807,0.00045533079227772324,0.005591253998064336,0.0031905994188328453,""
MISSING COUNTY,Montana (2024),MISSING COUNTY,249,"Small arms, ordnance, and accessories manufacturing",Indirect,0.1436983986692346,2.731585592284749E-07,2.350762375733363E-07,3.8082321655138595E-08,0.018519173124448774,0.0013493001516832498,0.003514845803042958,0.0036671148593989678,""
MISSING COUNTY,Montana (2024),MISSING COUNTY,250,Fabricated pipe and pipe fitting manufacturing,Indirect,0.2710146492781616,6.825991957123756E-07,4.865510947847534E-07,1.960481009276222E-07,0.09420197334244985,0.005769844094247069,0.002205181790786819,0.017979130477318996,""
MISSING COUNTY,Montana (2024),MISSING COUNTY,251,Other fabricated metal manufacturing,Indirect,3.3909615769794317,1.011888734372367E-05,8.33894286718747E-06,1.7799444765362E-06,0.6945852857734951,0.046710037424320644,0.03465392002374079,0.10874047105177977,""
MISSING COUNTY,Montana (2024),MISSING COUNTY,252,Farm machinery and equipment manufacturing,Indirect,0.05928548105593445,8.396384473742429E-08,7.599063688980031E-08,7.973207847623989E-09,0.006018743169648139,0.00016695907510662852,0.000573879677890144,0.006333349470316967,""
MISSING COUNTY,Montana (2024),MISSING COUNTY,254,Construction machinery manufacturing,Indirect,0.892472846435839,1.1585843266554128E-06,1.0157652439815105E-06,1.4281908267390204E-07,0.10410119080986575,0.0023827458497061187,0.009257219613685811,0.08832264740474824,""
MISSING COUNTY,Montana (2024),MISSING COUNTY,255,Mining machinery and equipment manufacturing,Indirect,0.015900505003602676,3.624381294657975E-08,3.401102325057754E-08,2.2327896960022076E-09,0.0027667984528294554,5.79993306761484E-05,0.00013320584710594773,0.0004972518364050009,""
MISSING COUNTY,Montana (2024),MISSING COUNTY,256,Oil and gas field machinery and equipment manufacturing,Indirect,0.025663603177231244,4.741464615299947E-08,4.493633693509577E-08,2.4783092179037106E-09,0.004795111045711974,3.9553811438633746E-05,0.0003072745229195367,0.001232629078089145,""
MISSING COUNTY,Montana (2024),MISSING COUNTY,257,Semiconductor machinery manufacturing,Indirect,27.187822023441687,5.023730936286237E-05,4.435782358761365E-05,5.879485775248727E-06,6.493948777564754,0.18265557607578609,0.18825470325908947,3.490699011235933,""
MISSING COUNTY,Montana (2024),MISSING COUNTY,259,"Sawmill, woodworking, and paper machinery",Indirect,0.0030704992708873425,9.133933566942482E-09,8.482062866296468E-09,6.518707006460149E-10,0.0005361408452352635,1.224339965807895E-05,4.956307545181786E-06,-0.000753582399177199,""
MISSING COUNTY,Montana (2024),MISSING COUNTY,260,All other industrial machinery manufacturing,Indirect,0.028630385690890166,8.313592192750935E-08,7.587193606131157E-08,7.263985866197788E-09,0.007557737970114816,0.000138406684983115,0.0002382019646949003,0.0023802360629439044,""
MISSING COUNTY,Montana (2024),MISSING COUNTY,261,Commercial and service industry machinery manufacturing,Indirect,0.004446589773665842,1.0569187376105896E-08,9.692814169982759E-09,8.763732061231373E-10,0.0009315552495843086,1.4728147212361647E-05,3.41427271898305E-05,0.0003430991126868744,""
MISSING COUNTY,Montana (2024),MISSING COUNTY,263,Heating equipment (except warm air furnaces) manufacturing,Indirect,0.06140138496824536,1.7190189984363743E-07,1.6224567057691044E-07,9.65622926672702E-09,0.009196964955313098,0.00017379284359088666,0.0006605696582252482,0.004706898852489559,""
MISSING COUNTY,Montana (2024),MISSING COUNTY,267,Cutting tool and machine tool accessory manufacturing,Indirect,0.07603187584154268,3.318275878804987E-07,3.0908028903851263E-07,2.2747298841986074E-08,0.01795890595646996,0.00041914708723093914,0.0007018543004547721,0.0015687958662153547,""
MISSING COUNTY,Montana (2024),MISSING COUNTY,268,Machine tool manufacturing,Indirect,0.006935010813542206,2.5118519870680374E-08,2.3777526237034352E-08,1.3409936336460231E-09,0.0011511694866318826,2.3851512248460466E-05,6.096537515495558E-05,0.0003585014894755204,""
MISSING COUNTY,Montana (2024),MISSING COUNTY,272,Mechanical power transmission equipment manufacturing,Indirect,0.011249787003553155,3.291617523777026E-08,3.042127117332491E-08,2.494904064445349E-09,0.002377035223050104,3.7613948546161166E-05,8.999819596145979E-05,0.0009649625809814583,""
MISSING COUNTY,Montana (2024),MISSING COUNTY,273,Other engine equipment manufacturing,Indirect,0.00542580082929877,5.797783650615022E-09,4.974118742059363E-09,8.23664908555659E-10,0.0005509242519151973,1.606655296757579E-05,5.3283392745518404E-05,0.00019061786606229287,""
MISSING COUNTY,Montana (2024),MISSING COUNTY,274,"Measuring, dispensing, and other pumping equipment manufacturing",Indirect,0.031854321856433936,5.98888890507091E-08,5.447200311730047E-08,5.416885933408648E-09,0.00523843762156315,9.23314746152216E-05,0.00032145348816513226,0.0028457533978090725,""
MISSING COUNTY,Montana (2024),MISSING COUNTY,275,Air and gas compressor manufacturing,Indirect,0.0007431512391215112,1.4064899199526723E-09,1.2823141990023772E-09,1.2417572095029514E-10,0.00013607624551441105,1.8386015609292684E-06,6.67266288192646E-06,3.9112238618813166E-05,""
MISSING COUNTY,Montana (2024),MISSING COUNTY,278,"Overhead cranes, hoists, and monorail systems manufacturing",Indirect,0.004810407803702939,8.84331390442518E-09,8.042709786807476E-09,8.00604117617703E-10,0.0007728993395858559,1.4088066632624107E-05,6.056365855970957E-05,0.000614998993013567,""
MISSING COUNTY,Montana (2024),MISSING COUNTY,279,"Industrial truck, trailer, and stacker manufacturing",Indirect,0.007190084247792317,1.46024448013162E-08,1.3247213680021927E-08,1.355231121294273E-09,0.0012320692669407706,2.4649050768383245E-05,6.264584754022428E-05,0.0004950772715298516,""
MISSING COUNTY,Montana (2024),MISSING COUNTY,281,Welding and soldering equipment manufacturing,Indirect,0.0005599638592137299,9.536033629374393E-10,9.536033629374393E-10,0,0.00018504317028441154,0,4.379522692340011E-06,7.690128626342922E-05,""
MISSING COUNTY,Montana (2024),MISSING COUNTY,282,Packaging machinery manufacturing,Indirect,0.0005658336999623011,1.6043630871580445E-09,1.491743085227641E-09,1.1262000193040395E-10,9.772109854769909E-05,2.033810022621376E-06,5.153105785320788E-06,2.6306841633873507E-05,""
MISSING COUNTY,Montana (2024),MISSING COUNTY,284,Fluid power cylinder and actuator manufacturing,Indirect,0.0005754606978681066,1.3627071939408674E-09,1.1575696170255534E-09,2.0513757691531404E-10,0.00018877284405070512,4.8758912742255E-06,4.6146961707462E-06,3.71022956635592E-05,""
MISSING COUNTY,Montana (2024),MISSING COUNTY,286,"Scales, balances, and miscellaneous general purpose machinery manufacturing",Indirect,0.007966867608195618,2.5823682439025096E-08,2.406336295624383E-08,1.7603194827812676E-09,0.0016420720598849593,3.240728326116049E-05,7.423589007289605E-05,0.00035933536092541473,""
MISSING COUNTY,Montana (2024),MISSING COUNTY,287,Electronic computer manufacturing,Indirect,0.03017773769777246,1.649545171792204E-08,1.649545171792204E-08,0,0.0025670784149973403,0,0.00044749767020058783,0.0031268497985417476,""
MISSING COUNTY,Montana (2024),MISSING COUNTY,288,Computer storage device manufacturing,Indirect,0.0067112346720944824,7.435644085870352E-09,7.435644085870352E-09,0,0.0018209406822214873,0,6.934188245365754E-05,0.0009439335880400855,""
MISSING COUNTY,Montana (2024),MISSING COUNTY,289,Computer terminals and other computer peripheral equipment manufacturing,Indirect,0.009901631891101699,1.684667625438556E-08,1.684667625438556E-08,0,0.0013184601318261878,0,0.00018463479724253523,0.0010013051273526372,""
MISSING COUNTY,Montana (2024),MISSING COUNTY,290,Telephone apparatus manufacturing,Indirect,0.013433854715110868,2.0297743364183065E-08,1.939280321200825E-08,9.049401521748154E-10,0.0022830253789615737,-8.965496990919419E-08,0.00021793802760096618,0.0013446679058943464,""
MISSING COUNTY,Montana (2024),MISSING COUNTY,291,Broadcast and wireless communications equipment manufacturing,Indirect,0.017889091406802064,2.8855731091457156E-08,2.7941228936548655E-08,9.145021549084991E-10,0.0026593981408796433,-1.1243492550554523E-07,0.00024750074215216996,0.002062802168684456,""
MISSING COUNTY,Montana (2024),MISSING COUNTY,292,Other communications equipment manufacturing,Indirect,0.0025002287915076005,4.5146224041077125E-09,2.52690136610287E-09,1.9877210380048423E-09,0.00047264536880414765,5.51297291545525E-05,1.0972550559111443E-05,0.00046104479468323537,""
MISSING COUNTY,Montana (2024),MISSING COUNTY,293,Audio and video equipment manufacturing,Indirect,0.00011542458352661521,2.04516744903084E-10,2.04516744903084E-10,0,9.858646412022253E-06,0,1.928741660297066E-06,6.7065659968553535E-06,""
MISSING COUNTY,Montana (2024),MISSING COUNTY,294,Printed circuit assembly (electronic assembly) manufacturing,Indirect,0.0038156375157817226,6.405496102013283E-09,6.405496102013283E-09,0,0.0004625143668374042,0,4.4886304800133094E-05,0.0006911465266964727,""
MISSING COUNTY,Montana (2024),MISSING COUNTY,296,Semiconductor and related device manufacturing,Indirect,0.03577659333096176,3.598246075817504E-08,3.319360810452938E-08,2.7888526536456604E-09,0.004708124919180426,-9.637608476775935E-08,0.0005931353909258394,0.002820315623170443,""
MISSING COUNTY,Montana (2024),MISSING COUNTY,298,Electronic connector manufacturing,Indirect,0.0029747211632160826,5.791276318465506E-09,5.791276318465506E-09,0,0.000544999157664301,0,3.961441021094654E-05,0.0003713646709669916,""
MISSING COUNTY,Montana (2024),MISSING COUNTY,299,Other electronic component manufacturing,Indirect,0.013207857553618125,3.2846626313679855E-08,3.153855412936103E-08,1.3080721843188349E-09,0.0037044628383568405,-8.003718797553357E-08,0.00015799998203497916,0.0019140651130101216,""
MISSING COUNTY,Montana (2024),MISSING COUNTY,300,Electromedical and electrotherapeutic apparatus manufacturing,Indirect,0.00019693347087003976,4.040428692516099E-10,3.8203431030202783E-10,2.20085589495821E-11,4.931288085252618E-05,-8.490610793813104E-10,3.2420259378375576E-06,1.6065966728927764E-05,""
MISSING COUNTY,Montana (2024),MISSING COUNTY,301,"Search, detection, and navigation instruments manufacturing",Indirect,0.00017457168944206948,2.902051292492478E-10,2.7638913612386935E-10,1.381599312537849E-11,4.1055915030207664E-05,-1.7582009217553097E-09,1.9163296185534025E-06,2.9217885822372233E-05,""
MISSING COUNTY,Montana (2024),MISSING COUNTY,302,Automatic environmental control manufacturing,Indirect,0.0018572551418980297,4.712235615102807E-09,4.712235615102807E-09,0,0.0006855715588752096,0,2.2185911302514274E-05,0.00030704349331370044,""
MISSING COUNTY,Montana (2024),MISSING COUNTY,303,Industrial process variable instruments manufacturing,Indirect,0.020580541304639884,5.4342890552666555E-08,5.318264740406071E-08,1.1602431486058438E-09,0.004183165064354731,-1.2258907037371576E-07,0.0003087718805240016,0.0029624949462969266,""
MISSING COUNTY,Montana (2024),MISSING COUNTY,304,Totalizing fluid meter and counting device manufacturing,Indirect,0.0006743254818334292,1.0251928325150535E-09,1.0251928325150535E-09,0,0.0001628615429607953,0,1.0045486137121558E-05,0.00010382868023215626,""
MISSING COUNTY,Montana (2024),MISSING COUNTY,305,Electricity and signal testing instruments manufacturing,Indirect,9.226431162429018E-05,1.5418937744835498E-10,1.422434536835969E-10,1.1945923764758053E-11,2.806334480980017E-05,-4.784740864144528E-10,1.0855839442837842E-06,1.1034113163144269E-05,""
MISSING COUNTY,Montana (2024),MISSING COUNTY,306,Analytical laboratory instrument manufacturing,Indirect,0.03714896140905691,7.699909247863611E-08,7.317970194399416E-08,3.819390534641948E-09,0.009764281651985361,-2.1082301738837955E-07,0.00043939960206354093,0.0045687000343816965,""
MISSING COUNTY,Montana (2024),MISSING COUNTY,308,"Watch, clock, and other measuring and controlling device manufacturing",Indirect,0.010148930706882303,1.851793915310283E-08,1.760502939649138E-08,9.129097566114519E-10,0.0018511156464272101,-1.0642118862100455E-07,0.00015457202491646576,0.0006276585203990743,""
MISSING COUNTY,Montana (2024),MISSING COUNTY,309,Manufacturing and reproducing magnetic and optical media,Indirect,13.120156527360075,1.7904082227455246E-05,1.7904082227455246E-05,0,1.9914539495969332,0,0.19951796400327146,1.4175353068332208,""
MISSING COUNTY,Montana (2024),MISSING COUNTY,311,Lighting fixture manufacturing,Indirect,0.011902306580122025,3.504358940063017E-08,2.4002190253208012E-08,1.1041399147422158E-08,0.0015063633854349881,1.2756972709333224E-05,9.867607669760584E-05,-5.549861628306267E-05,""
MISSING COUNTY,Montana (2024),MISSING COUNTY,314,"Power, distribution, and specialty transformer manufacturing",Indirect,6.239059240870613E-05,1.8522846971689495E-10,8.183040995843577E-11,1.0339805975845917E-10,1.1174123920376834E-05,1.2184218719378079E-07,4.2084608224609996E-07,-5.376453666402975E-07,""
MISSING COUNTY,Montana (2024),MISSING COUNTY,315,Motor and generator manufacturing,Indirect,0.0005402403858253314,1.0733062131448658E-09,3.942640004781866E-10,6.790422126666791E-10,8.032122621195708E-05,1.0819379955780249E-06,3.723043843124141E-06,-3.1434604241866256E-06,""
MISSING COUNTY,Montana (2024),MISSING COUNTY,316,Switchgear and switchboard apparatus manufacturing,Indirect,0.0017011623036902056,4.0402107657220675E-09,1.7658578887857198E-09,2.2743528769363473E-09,0.00027345968659343975,2.9121356564303412E-06,1.3905124030130428E-05,-1.0591710761144355E-05,""
MISSING COUNTY,Montana (2024),MISSING COUNTY,318,Battery manufacturing,Indirect,0.1487760122919291,2.588887229138814E-07,1.2961094468350918E-07,1.2927777823037223E-07,0.012771362456241084,0.00016341766781189878,-0.0003015995584144295,-0.0005594437974104753,""
MISSING COUNTY,Montana (2024),MISSING COUNTY,320,Other communication and energy wire manufacturing,Indirect,0.01641320838323176,2.4778522526352146E-08,1.557696821061342E-08,9.20155431573873E-09,0.001340337654846131,1.1469892225579975E-05,0.00010943043921166702,-8.793021246182494E-05,""
MISSING COUNTY,Montana (2024),MISSING COUNTY,321,Wiring device manufacturing,Indirect,0.2436766307490774,5.779981738842892E-07,3.4108116623505797E-07,2.3691700764923125E-07,0.028777960302822692,0.00023801888536579882,0.0015158319846408552,-0.0017472321583085018,""
MISSING COUNTY,Montana (2024),MISSING COUNTY,323,All other miscellaneous electrical equipment and component manufacturing,Indirect,0.0129979488718835,3.0673868068705686E-08,1.7668538447634446E-08,1.3005329621071235E-08,0.002112389905988694,1.783576691002782E-05,7.397799640640663E-05,-5.556702096313983E-05,""
MISSING COUNTY,Montana (2024),MISSING COUNTY,324,Automobile and light duty motor vehicle manufacturing,Indirect,0.0004376035167383725,2.0499777746595031E-10,2.0499777746595031E-10,0,2.7829805082074863E-05,0,7.946919501432609E-06,1.866066670218047E-05,""
MISSING COUNTY,Montana (2024),MISSING COUNTY,326,Motor vehicle body manufacturing,Indirect,0.05186533018600225,1.1447921784550165E-07,1.1175933017608142E-07,2.7198876694202473E-09,0.009220838636301349,-2.2739031920720347E-05,0.0005058855116150396,0.0007042012836803566,""
MISSING COUNTY,Montana (2024),MISSING COUNTY,327,Truck trailer manufacturing,Indirect,0.0113494478496656,2.4838878189349523E-08,2.442288188645586E-08,4.159963028936602E-10,0.001788013000565465,-4.012105132038865E-06,0.0001042271661621056,0.0001541685262342958,""
MISSING COUNTY,Montana (2024),MISSING COUNTY,328,Motor home manufacturing,Indirect,0.006824065792017503,1.3256742843812807E-08,1.2903690949029017E-08,3.53051894783793E-10,0.0009102177095303278,-2.358300407224495E-06,6.656557996237261E-05,9.671139119938852E-05,""
MISSING COUNTY,Montana (2024),MISSING COUNTY,329,Travel trailer and camper manufacturing,Indirect,1.7610114226776628,4.085481047299139E-06,4.013642988480214E-06,7.183805881892495E-08,0.29855712630460474,-0.0008039632618906836,0.01682163810764574,0.04227636427144503,""
MISSING COUNTY,Montana (2024),MISSING COUNTY,330,Motor vehicle gasoline engine and engine parts manufacturing,Indirect,0.12882134533146655,1.5739053427651593E-07,1.506017559418037E-07,6.788778334712206E-09,0.01661190598571662,-3.9117937833186705E-05,0.0013238031819064002,0.002203444822580744,""
MISSING COUNTY,Montana (2024),MISSING COUNTY,331,Motor vehicle electrical and electronic equipment manufacturing,Indirect,2.540665907647244,4.224469671809115E-06,4.067973669178554E-06,1.564960026305607E-07,0.4105821205558053,-0.0011500969704700708,0.030620899635182445,0.049350943071056905,""
MISSING COUNTY,Montana (2024),MISSING COUNTY,332,Motor vehicle transmission and power train parts manufacturing,Indirect,0.024557340020424267,3.355114758148297E-08,3.355114758148297E-08,0,0.0035723450844254248,0,0.00026776494803204065,0.0006449306715594159,""
MISSING COUNTY,Montana (2024),MISSING COUNTY,333,Motor vehicle seating and interior trim manufacturing,Indirect,0.07311648408230799,1.453710007122439E-07,1.409109275904513E-07,4.4600731217926035E-09,0.01066749656454205,-2.446292399032631E-05,0.0008523060034116164,0.001218568375972525,""
MISSING COUNTY,Montana (2024),MISSING COUNTY,335,Other motor vehicle parts manufacturing,Indirect,1.1236774903223243,2.0758411304479657E-06,2.0276574960334193E-06,4.818363441454644E-08,0.12212101003107038,-0.00029680841739362603,0.014977809995575377,0.01858808591457438,""
MISSING COUNTY,Montana (2024),MISSING COUNTY,337,Aircraft manufacturing,Indirect,0.0006578464123668565,1.6217235455464908E-09,1.351158515409422E-09,2.7056503013706875E-10,9.626108587750242E-05,-5.680955915065195E-09,1.2285169533423646E-05,2.4887054129599607E-05,""
MISSING COUNTY,Montana (2024),MISSING COUNTY,338,Aircraft engine and engine parts manufacturing,Indirect,4.775697751294101E-06,6.649452997579219E-12,6.649452997579219E-12,0,1.2614204059584867E-06,0,6.066332426165601E-08,2.1957438607714755E-07,""
MISSING COUNTY,Montana (2024),MISSING COUNTY,339,Other aircraft parts and auxiliary equipment manufacturing,Indirect,0.04899243404409533,1.4353963445497715E-07,1.145280962429943E-07,2.901153821198286E-08,0.016869571252070524,-1.5435801648360182E-05,0.0005681279365049849,0.0020808783764739752,""
MISSING COUNTY,Montana (2024),MISSING COUNTY,340,Guided missile and space vehicle manufacturing,Indirect,4.251129541798909E-05,6.246756571467039E-11,6.246756571467039E-11,0,1.5058108675822736E-05,0,7.984734602326048E-07,3.620219073771455E-06,""
MISSING COUNTY,Montana (2024),MISSING COUNTY,341,Propulsion units and parts for space vehicles and guided missiles manufacturing,Indirect,0.0002067605577556327,3.9735070595957983E-10,3.9735070595957983E-10,0,7.6577410904465E-05,0,3.551754629353315E-06,-1.9302684679543627E-05,""
MISSING COUNTY,Montana (2024),MISSING COUNTY,342,Railroad rolling stock manufacturing,Indirect,0.00011483780681331283,2.3052143463654015E-10,2.3052143463654015E-10,0,2.9483988093687514E-05,0,1.6004604430935736E-06,4.406384500380676E-07,""
MISSING COUNTY,Montana (2024),MISSING COUNTY,343,Ship building and repairing,Indirect,0.004647226379717189,1.7585388831064265E-08,1.4812976843436497E-08,2.77241198762777E-09,0.0012543308929572952,-8.112116498560664E-07,5.24713880933113E-05,0.0001360101772241551,""
MISSING COUNTY,Montana (2024),MISSING COUNTY,344,Boat building,Indirect,0.0011774556629259515,3.382398155855731E-09,3.382398155855731E-09,0,0.00015201132478266172,0,2.2100583257293193E-05,8.54184953503151E-06,""
MISSING COUNTY,Montana (2024),MISSING COUNTY,345,"Motorcycle, bicycle, and parts manufacturing",Indirect,0.003026314453327631,8.250731135026863E-09,8.250731135026863E-09,0,0.0005967964800858884,0,4.9357066319162356E-05,0.0002447362376560479,""
MISSING COUNTY,Montana (2024),MISSING COUNTY,347,All other transportation equipment manufacturing,Indirect,0.046169542748785417,7.046819706809918E-08,6.343539361573467E-08,7.03280345236449E-09,0.006258137853190605,-4.631769129152632E-06,0.0007906081794277613,0.0020833844347013727,""
MISSING COUNTY,Montana (2024),MISSING COUNTY,348,Wood kitchen cabinet and countertop manufacturing,Indirect,4.122730515671904,1.959564203483701E-05,1.4750743182154932E-05,4.84489885268208E-06,1.1341323826437348,0.16567707820432628,0.02469320833493953,0.1591168386483482,""
MISSING COUNTY,Montana (2024),MISSING COUNTY,349,Upholstered household furniture manufacturing,Indirect,0.003140391694259206,1.4509243890879784E-08,1.0390075148360047E-08,4.119168742519736E-09,0.0006269557433095711,0.00012245397437712558,2.6139331750811567E-05,6.395546495012963E-05,""
MISSING COUNTY,Montana (2024),MISSING COUNTY,350,Nonupholstered wood household furniture manufacturing,Indirect,0.16647039882962636,7.89628667005264E-07,6.248143711527539E-07,1.6481429585251012E-07,0.03986477422803837,0.004702651835118819,0.0009254618341086816,0.0050130375269829995,""
MISSING COUNTY,Montana (2024),MISSING COUNTY,351,Other household nonupholstered furniture manufacturing,Indirect,0.0008450240155744793,2.58337132120411E-09,1.9900368927657705E-09,5.933344284383393E-10,0.0001248369296147554,1.5345262287219304E-05,6.444290654347615E-06,1.2816832941647532E-05,""
MISSING COUNTY,Montana (2024),MISSING COUNTY,352,Institutional furniture manufacturing,Indirect,0.0072673230095099805,2.9266759227057464E-08,2.0832685367064088E-08,8.434073859993375E-09,0.0016714536172729197,0.0002604364463875552,5.195448320400842E-05,0.0002077144019755365,""
MISSING COUNTY,Montana (2024),MISSING COUNTY,353,Wood office furniture manufacturing,Indirect,0.0010116197688685685,3.9883420197824625E-09,2.9338820903792237E-09,1.0544599294032384E-09,0.00016587222411293737,3.965902882093836E-05,9.750851356151485E-06,3.3489984030797165E-05,""
MISSING COUNTY,Montana (2024),MISSING COUNTY,354,Custom architectural woodwork and millwork,Indirect,0.5038915667736676,2.3469591816506E-06,1.801563620864328E-06,5.453955607862716E-07,0.13441289455407807,0.01925803479754552,0.002148519960730121,-0.07392941731281236,""
MISSING COUNTY,Montana (2024),MISSING COUNTY,356,"Showcase, partition, shelving, and locker manufacturing",Indirect,0.45081173969620786,1.48474549198984E-06,1.0805009921650987E-06,4.0424449982474125E-07,0.08331277947218593,0.01497396413253827,0.003237043206899916,0.020460097250176168,""
MISSING COUNTY,Montana (2024),MISSING COUNTY,357,Mattress manufacturing,Indirect,0.0008873806212510783,2.230398242029721E-09,1.7608064342827465E-09,4.695918077469746E-10,0.00010684317591149729,1.764391326669622E-05,6.737723162751011E-06,3.963251608739871E-05,""
MISSING COUNTY,Montana (2024),MISSING COUNTY,359,Surgical and medical instrument manufacturing,Indirect,1.4271813420924981,4.673051854564665E-06,2.4637552514165784E-06,2.2092966031480857E-06,0.36823649959377097,0.04788433005790123,0.013018577253129378,0.1630393639551701,""
MISSING COUNTY,Montana (2024),MISSING COUNTY,360,Surgical appliance and supplies manufacturing,Indirect,0.009070633971016474,2.9690524973558955E-08,2.1499303588301235E-08,8.191221385257722E-09,0.0014749071987921805,0.00012496836468436142,0.00010413064576721774,0.0008030183502386943,""
MISSING COUNTY,Montana (2024),MISSING COUNTY,361,Dental equipment and supplies manufacturing,Indirect,0.006609190668048125,2.3183975983894436E-08,1.6723265662024195E-08,6.4607103218702395E-09,0.0013342037373663624,0.00014181453543294804,6.707765733027618E-05,0.000542288505734318,""
MISSING COUNTY,Montana (2024),MISSING COUNTY,362,Ophthalmic goods manufacturing,Indirect,0.00020069787709093878,5.861022390059094E-10,3.017507727989451E-10,2.843514662069643E-10,5.9718606446916515E-05,5.7414538289684354E-06,1.7194654167871375E-06,3.9248817320137975E-05,""
MISSING COUNTY,Montana (2024),MISSING COUNTY,363,Dental laboratories,Indirect,3.8127338957640384E-07,2.9453732078710834E-12,2.165242139432349E-12,7.801310684387346E-13,1.6824401015944947E-07,1.5936627148979837E-08,3.380356755246286E-09,3.2640256608603105E-09,""
MISSING COUNTY,Montana (2024),MISSING COUNTY,364,Jewelry and silverware manufacturing,Indirect,0.32860635619979994,1.1770098260942652E-06,8.699249273373224E-07,3.070848987569429E-07,0.057915830598215104,0.004884579145996396,0.003630978599563389,0.032980478527163105,""
MISSING COUNTY,Montana (2024),MISSING COUNTY,365,Sporting and athletic goods manufacturing,Indirect,0.23105144503703645,7.163793178355013E-07,4.740227363640896E-07,2.4235658147141147E-07,0.04745872976979368,0.00415622343515032,0.003981428313770125,0.020399801481572753,""
MISSING COUNTY,Montana (2024),MISSING COUNTY,366,"Doll, toy, and game manufacturing",Indirect,9.580095169060767,2.0171710299349368E-05,1.244781939156365E-05,7.723890907785715E-06,1.5868866892534863,0.16461493722703485,0.061496343198735946,2.1322749963705414,""
MISSING COUNTY,Montana (2024),MISSING COUNTY,367,Office supplies (except paper) manufacturing,Indirect,3.2367457682097185,9.198754755000696E-06,6.56030052474777E-06,2.638454230252928E-06,0.5074755762156452,0.0344967963617242,0.02954957968813684,0.15820075520405558,""
MISSING COUNTY,Montana (2024),MISSING COUNTY,368,Sign manufacturing,Indirect,123.58431018913002,0.000715583602763249,0.000528685434507717,0.00018689816825553208,40.93565760087299,3.193719348420016,1.1257790659018976,0.15586736270421453,""
MISSING COUNTY,Montana (2024),MISSING COUNTY,369,"Gasket, packing, and sealing device manufacturing",Indirect,0.5186660340995373,2.4178124806877466E-06,1.7163880642481113E-06,7.014244164396357E-07,0.12892475122646513,0.00916741941205238,0.005072067185258167,0.02689114611578196,""
MISSING COUNTY,Montana (2024),MISSING COUNTY,370,Musical instrument manufacturing,Indirect,0.24315171071540617,1.3170312752573558E-06,9.052000401201703E-07,4.118312351371855E-07,0.08398976581827752,0.007179093200949551,0.0014133957380240403,-0.0037123719745725454,""
MISSING COUNTY,Montana (2024),MISSING COUNTY,374,All other miscellaneous manufacturing,Indirect,1.380397904323143,4.199705890923376E-06,2.996433803858206E-06,1.2032720870651695E-06,0.2393598204853089,0.022265971636943688,0.012014386847519152,0.08967440050197734,""
MISSING COUNTY,Montana (2024),MISSING COUNTY,375,Wholesale - Motor vehicle and motor vehicle parts and supplies,Indirect,193.8276664522297,0.00035848930417078874,0.00031557529640280954,4.291400776797925E-05,31.39767551847668,2.4014768001597733,4.722928023759177,48.14157147431321,""
MISSING COUNTY,Montana (2024),MISSING COUNTY,376,Wholesale - Professional and commercial equipment and supplies,Indirect,127.9060631999596,0.00041116251123962303,0.00033666979796710136,7.449271327252166E-05,56.501772505090365,4.189422410175661,2.6550293034550285,9.048096533843532,""
MISSING COUNTY,Montana (2024),MISSING COUNTY,377,Wholesale - Household appliances and electrical and electronic goods,Indirect,224.60653291314281,0.0002716940293243306,0.00022819708307844446,4.349694624588614E-05,34.19712453821785,2.5139326732353267,4.339725818305078,61.084720170577945,""
MISSING COUNTY,Montana (2024),MISSING COUNTY,378,"Wholesale - Machinery, equipment, and supplies",Indirect,290.35646138822824,0.0008940551338164451,0.0007799910781354135,0.00011406405568103164,87.4100923100164,6.222797125108764,8.550978759374495,51.59730636630068,""
MISSING COUNTY,Montana (2024),MISSING COUNTY,379,Wholesale - Other durable goods merchant wholesalers,Indirect,344.79555169815376,0.001023423879378497,0.0009013568650439948,0.00012206701433450221,94.32538135760667,6.999240147446853,11.5398539772262,55.81978838138461,""
MISSING COUNTY,Montana (2024),MISSING COUNTY,380,Wholesale - Drugs and druggists’ sundries,Indirect,116.84527680557461,0.0001037928637541303,7.96625184470073E-05,2.4130345307122988E-05,19.62008902919704,1.4117399775859618,1.0722679901132017,34.850032001536356,""
MISSING COUNTY,Montana (2024),MISSING COUNTY,381,Wholesale - Grocery and related product wholesalers,Indirect,68.04766961856414,0.0002456040406046006,0.00022230269132931862,2.3301349275281995E-05,18.8685534104903,1.364178038347558,0.689348710005834,11.695998494524039,""
MISSING COUNTY,Montana (2024),MISSING COUNTY,382,Wholesale - Petroleum and petroleum products,Indirect,277.68783792345306,0.00025631036139706645,0.00022582265735481192,3.048770404225454E-05,21.964302266281965,1.8782571424610888,160.33332093398352,46.28088539958108,""
MISSING COUNTY,Montana (2024),MISSING COUNTY,383,Wholesale - Other nondurable goods merchant wholesalers,Indirect,748.1614531986852,0.002007978705859403,0.0018147626630262688,0.0001932160428331347,152.58851066344812,10.916720400103799,44.47284781592073,148.5544076687596,""
MISSING COUNTY,Montana (2024),MISSING COUNTY,384,Wholesale - Wholesale electronic markets and agents and brokers,Indirect,181.5868654464362,0.0025562161982382345,0.0021990022733883114,0.0003572139248499233,271.32922304716385,21.860454053990622,0.7700277494567478,-213.06559429436263,""
MISSING COUNTY,Montana (2024),MISSING COUNTY,385,Retail - Motor vehicle and parts dealers,Indirect,153.45680058295034,0.0008471320620845373,0.0007342216007529054,0.00011291046133163178,59.81389204477175,4.829720540569667,3.256688720716769,40.443074523993836,""
MISSING COUNTY,Montana (2024),MISSING COUNTY,386,Retail - Furniture and home furnishings stores,Indirect,13.47146914623965,0.00010754224033197205,7.085226081502351E-05,3.668997951694854E-05,4.971336580288501,0.36753956283786954,0.29431171798535066,6.901363230483618,""
MISSING COUNTY,Montana (2024),MISSING COUNTY,387,Retail - Electronics and appliance stores,Indirect,3.8754948071300035,7.797261009082879E-05,4.658337552070587E-05,3.138923457012291E-05,3.5137308099255256,0.2509422324211035,0.11172815069996721,-0.28235732394451296,""
MISSING COUNTY,Montana (2024),MISSING COUNTY,388,Retail - Building material and garden equipment and supplies stores,Indirect,482.7712459861399,0.003655964466634968,0.0031924815439728083,0.0004634829226621598,204.73540527940716,7.911727659767154,11.335016540201623,204.30658249234662,""
MISSING COUNTY,Montana (2024),MISSING COUNTY,389,Retail - Food and beverage stores,Indirect,7.904114130268553,7.637892257824905E-05,6.90337317894428E-05,7.345190788806233E-06,3.307951207301496,0.4113937536074871,0.10891450682183713,1.9392317978389215,""
MISSING COUNTY,Montana (2024),MISSING COUNTY,390,Retail - Health and personal care stores,Indirect,1.0292323490420696,9.611241286495675E-06,6.005984577871225E-06,3.6052567086244497E-06,0.40071930585038634,0.04543333090076822,0.013958438780343798,0.3192857686890323,""
MISSING COUNTY,Montana (2024),MISSING COUNTY,391,Retail - Gasoline stores,Indirect,29.763414429355617,0.00026268338287064176,0.00023463745347568064,2.8045929394961168E-05,10.059583140817008,2.7271176346682275,0.5923897665535651,5.431601678839572,""
MISSING COUNTY,Montana (2024),MISSING COUNTY,392,Retail - Clothing and clothing accessories stores,Indirect,1.1911682416282194,1.1522734610643614E-05,7.64456770295972E-06,3.8781669076838935E-06,0.28162221991706315,0.043454177010065195,0.025211582059601993,0.22979362677250756,""
MISSING COUNTY,Montana (2024),MISSING COUNTY,393,"Retail - Sporting goods, hobby, musical instrument and book stores",Indirect,9.345394327296027,0.0001572487487566552,0.00010124939383898698,5.599935491766821E-05,3.9763783718641736,0.4022542669785916,0.17573190782436648,2.7766617871889023,""
MISSING COUNTY,Montana (2024),MISSING COUNTY,394,Retail - General merchandise stores,Indirect,21.29197579723947,0.0002466963975819836,0.00022676107661650865,1.9935320965474913E-05,11.505431829890295,0.25543609707811427,-0.6556952934693536,3.189291038964652,""
MISSING COUNTY,Montana (2024),MISSING COUNTY,395,Retail - Miscellaneous store retailers,Indirect,20.548228969803166,0.00026339639766073474,0.00014243815694356401,0.00012095824071717077,6.489623341731446,6.249898097871902,0.23816007499513864,0.08651767473171774,""
MISSING COUNTY,Montana (2024),MISSING COUNTY,396,Air transportation,Indirect,523.6422553017994,0.000824325754627816,0.0006571745702270781,0.00016715118440073783,64.65541867207423,106.47679363463872,41.68404166004362,91.08073407739128,""
MISSING COUNTY,Montana (2024),MISSING COUNTY,397,Rail transportation,Indirect,92.94707478500384,0.00015489450386081967,0.00015481385671191054,8.064714890913125E-08,21.34912314949209,-1.3679078463009378,0.8937089125201618,40.6699181504599,""
MISSING COUNTY,Montana (2024),MISSING COUNTY,398,Water transportation,Indirect,1.5311959051929462,2.4589591610554926E-06,0,2.4589591610554926E-06,0,-0.20193797855844065,0.004494081166377042,0,""
MISSING COUNTY,Montana (2024),MISSING COUNTY,399,Truck transportation,Indirect,1083.0596919811637,0.004582393143622425,0.0031114726175018384,0.001470920526120587,287.1221805083816,118.12482670794535,21.410964346768687,137.35479635319783,""
MISSING COUNTY,Montana (2024),MISSING COUNTY,400,Transit and ground passenger transportation,Indirect,858.853530060742,0.009907874446589335,0.005144933564620763,0.004762940881968571,208.0338528658165,71.07982097294847,17.24909579306876,110.97820304514649,""
MISSING COUNTY,Montana (2024),MISSING COUNTY,401,Pipeline transportation,Indirect,36.78137611225651,4.5332780780728176E-05,4.4734762907582955E-05,5.980178731452101E-07,8.189779598784583,0.658244979965634,5.845730676416691,0.5793811951123421,""
MISSING COUNTY,Montana (2024),MISSING COUNTY,402,Scenic and sightseeing transportation and support activities for transportation,Indirect,475.7040245465852,0.004817363388460608,0.003988380991415002,0.0008289823970456064,311.9166073736492,114.58977834589196,8.972294434773497,-72.6483598683893,""
MISSING COUNTY,Montana (2024),MISSING COUNTY,403,Couriers and messengers,Indirect,2190.7367047703297,0.0396742106111979,0.01573013271643182,0.023944077894766085,1121.1243757804782,37.23413038340594,34.42997781171287,846.4332159939019,""
MISSING COUNTY,Montana (2024),MISSING COUNTY,404,Warehousing and storage,Indirect,162.58710791237624,0.0018862583115159875,0.0011143466932168786,0.0007719116182991089,80.489652022732,8.298681320453111,2.30191513710453,10.397452334567634,""
MISSING COUNTY,Montana (2024),MISSING COUNTY,405,Newspaper publishers,Indirect,594.1816788999945,0.0028010468085364125,0.002212477936517919,0.0005885688720184937,136.41268990510375,13.654820223714589,5.828291881502309,250.9480717378726,""
MISSING COUNTY,Montana (2024),MISSING COUNTY,406,Periodical publishers,Indirect,165.01187496793344,0.0005600779339826297,0.0004186483254757759,0.00014142960850685373,29.69561738682518,2.579398697418962,1.4259036859582757,54.37748260462701,""
MISSING COUNTY,Montana (2024),MISSING COUNTY,407,Book publishers,Indirect,33.42485018171393,5.0115267991086324E-05,3.073157661601667E-05,1.9383691375069663E-05,3.7453722183043503,0.45138741178750447,0.23085094964344738,12.258148266089501,""
MISSING COUNTY,Montana (2024),MISSING COUNTY,408,"Directory, mailing list, and other publishers",Indirect,25.060713446986384,8.004356504007321E-05,5.446000355263358E-05,2.5583561487439628E-05,5.354452130319407,0.6171029008788567,0.24183068123935494,8.180447826882741,""
MISSING COUNTY,Montana (2024),MISSING COUNTY,410,Software publishers,Indirect,438.1608858842734,0.001099027580335705,0.0004902793741641196,0.0006087482061715853,87.71928118013159,11.736496607685055,5.403841349333271,125.32135888396922,""
MISSING COUNTY,Montana (2024),MISSING COUNTY,411,Motion picture and video industries,Indirect,107513.43959723151,0.4117737343712886,0.28581735347597004,0.12595638089531855,18518.243389311832,1129.2617603909482,2966.44285887494,18932.388396620154,""
MISSING COUNTY,Montana (2024),MISSING COUNTY,412,Sound recording industries,Indirect,4948.3146776538315,0.006200004276884256,0.003893569825143441,0.002306434451740815,387.59878698465536,17.199265876320226,230.6386563943723,1730.460490752117,""
MISSING COUNTY,Montana (2024),MISSING COUNTY,413,Radio and television broadcasting,Indirect,3292.597788975663,0.009376885613495173,0.007808982441170279,0.0015679031723248925,599.6683524535491,418.67880743797735,49.20299081438553,-167.9527042067144,""
MISSING COUNTY,Montana (2024),MISSING COUNTY,414,Cable and other subscription programming,Indirect,1164.8691911334035,0.0010700062024047883,0.0007518342998780239,0.0003181719025267643,75.24657765208136,64.86086119075325,13.423201203382193,185.65038414304018,""
MISSING COUNTY,Montana (2024),MISSING COUNTY,415,Wired telecommunications carriers,Indirect,2068.5662069524933,0.004005275789819042,0.002941300567563739,0.0010639752222553031,352.06329233555414,98.83292538570751,40.29712974500366,616.3240796160994,""
MISSING COUNTY,Montana (2024),MISSING COUNTY,416,Wireless telecommunications carriers (except satellite),Indirect,585.0369881365834,0.00021402599019609085,0.00015813276322843833,5.589322696765251E-05,17.870412531515264,4.44646343219846,11.133873957647591,287.4224752832824,""
MISSING COUNTY,Montana (2024),MISSING COUNTY,417,"Satellite, telecommunications resellers, and all other telecommunications",Indirect,160.37442122493772,0.0004135725985648816,0.00030948382071513636,0.00010408877784974524,34.550661070541125,13.870243059153108,7.8761338353102675,20.54892419039419,""
MISSING COUNTY,Montana (2024),MISSING COUNTY,418,"Data processing, hosting, and related services",Indirect,1130.9677077460572,0.0037797106087829714,0.0021161383963655958,0.001663572212417375,320.64842414933423,54.73224795062441,4.940951197383385,103.43823888941851,""
MISSING COUNTY,Montana (2024),MISSING COUNTY,419,"News syndicates, libraries, archives and all other information services",Indirect,9.958029686450843,0.00012617707515325877,0.00011059260915442288,1.5584465998835895E-05,9.840095407156072,1.8092361849909564,0.055977569570850635,-2.4139666746957746,""
MISSING COUNTY,Montana (2024),MISSING COUNTY,420,Internet publishing and broadcasting and web search portals,Indirect,3439.6263481685883,0.0027431771494387516,0.002339865034239856,0.0004033121151988953,349.45205442413425,77.00032108324461,13.62292641446165,897.8368039860197,""
MISSING COUNTY,Montana (2024),MISSING COUNTY,421,Nondepository credit intermediation and related activities,Indirect,786.8377426953059,0.002097978772563017,0.0018233752277465134,0.00027460354481650343,263.48462408730126,5.5777973739606415,20.30237098503031,112.82062669277526,""
MISSING COUNTY,Montana (2024),MISSING COUNTY,422,Securities and commodity contracts intermediation and brokerage,Indirect,957.366741018136,0.0088435320398388,0.0012167590695534634,0.007626772970285337,360.78452714322265,11.36107496707123,2.8150189878510794,-14.745748570795925,""
MISSING COUNTY,Montana (2024),MISSING COUNTY,423,Monetary authorities and depository credit intermediation,Indirect,14288.120132148317,0.03588728185159479,0.033168292367938224,0.0027189894836565634,3400.7152391296327,33.10511770979079,381.9604033139636,5355.184763510525,""
MISSING COUNTY,Montana (2024),MISSING COUNTY,424,Other financial investment activities,Indirect,186.30014863127656,0.0011683458058226405,0.00022654812566328807,0.0009417976801593524,44.133133030614154,1.3130493271178187,0.9594345048286997,0.7224753958354817,""
MISSING COUNTY,Montana (2024),MISSING COUNTY,425,Direct life insurance carriers,Indirect,0.9330756099679705,2.384865005264534E-06,1.422742020543125E-06,9.62122984721409E-07,0.246909432830843,0.006877509903738102,0.17765550813072137,0.09550547243894861,""
MISSING COUNTY,Montana (2024),MISSING COUNTY,426,"Insurance carriers, except direct life",Indirect,1776.9386315606407,0.0033696172298724267,0.0023819558107016172,0.0009876614191708095,289.36876878919406,8.355127443858258,298.66361187765324,240.38497999754318,""
MISSING COUNTY,Montana (2024),MISSING COUNTY,427,"Insurance agencies, brokerages, and related activities",Indirect,9044.93327676432,0.03430872513871355,0.0257088156311304,0.008599909507583154,2586.6377888966394,63.367096292638564,241.82555763097233,1138.5012620470675,""
MISSING COUNTY,Montana (2024),MISSING COUNTY,428,"Funds, trusts, and other financial vehicles",Indirect,90.43904892941431,0.00042947053242390075,0.00010908728489858581,0.00032038324752531495,10.407392692790413,0.008175757597300983,0.14769674470216687,2.0095656958959265,""
MISSING COUNTY,Montana (2024),MISSING COUNTY,429,Other real estate,Indirect,26430.655418192135,0.11968592351842086,0.011937295449680141,0.10774862806874072,867.5746539997418,4245.619574146819,238.08443761730365,4514.527890956521,""
MISSING COUNTY,Montana (2024),MISSING COUNTY,432,Automotive equipment rental and leasing,Indirect,801.854125748431,0.0025022547495313573,0.0015925107943141963,0.0009097439552171608,94.39682664781402,100.87691519852021,30.998444980213947,85.1764837148419,""
MISSING COUNTY,Montana (2024),MISSING COUNTY,433,General and consumer goods rental except video tapes and discs,Indirect,543.7347274701957,0.0033012441084414317,0.002186857324422118,0.0011143867840193139,134.842056623079,107.78489229412264,20.875367392937083,8.985409762652292,""
MISSING COUNTY,Montana (2024),MISSING COUNTY,434,Video tape and disc rental,Indirect,0.0026842181882820657,1.1065894775083182E-08,3.6440644507646934E-09,7.421830324318488E-09,0.0007305729719548538,0.0005832907527333563,0.00013441002083308762,0.00022842905605223733,""
MISSING COUNTY,Montana (2024),MISSING COUNTY,435,Commercial and industrial machinery and equipment rental and leasing,Indirect,2926.406043155315,0.006645077960400206,0.00355461261756111,0.0030904653428390962,392.58575118183086,314.927061862611,98.2102351654888,444.70314949299274,""
MISSING COUNTY,Montana (2024),MISSING COUNTY,436,Lessors of nonfinancial intangible assets,Indirect,1241.4008534273364,0.00017294432711313166,7.448611074962628E-05,9.845821636350536E-05,8.377508254719062,2.103026421641839,16.48957548207812,549.5505658875262,""
MISSING COUNTY,Montana (2024),MISSING COUNTY,437,Legal services,Indirect,3030.3431074520167,0.015058672329692336,0.00926098357900368,0.005797688750688655,1115.0222322875486,211.41051393447054,8.27628020816024,853.3053145593695,""
MISSING COUNTY,Montana (2024),MISSING COUNTY,438,"Accounting, tax preparation, bookkeeping, and payroll services",Indirect,3014.925985058917,0.025612859237589266,0.018237117744725723,0.00737574149286354,1403.2404787625792,269.9902101623396,17.586662050665893,307.30122312743697,""
MISSING COUNTY,Montana (2024),MISSING COUNTY,439,"Architectural, engineering, and related services",Indirect,982.9726233472396,0.005367597055081833,0.00324660320766456,0.002120993847417273,418.06658648918176,84.20600290807467,6.070805236244907,86.26632841421434,""
MISSING COUNTY,Montana (2024),MISSING COUNTY,440,Specialized design services,Indirect,163.91778707490326,0.0006542333198796136,0.0004465729676541417,0.00020766035222547188,38.05627622931855,7.575543109047419,3.137905319497324,56.45577841877455,""
MISSING COUNTY,Montana (2024),MISSING COUNTY,441,Custom computer programming services,Indirect,470.2180820010005,0.003502535056688229,0.0017420888999672651,0.0017604461567209638,317.66302065253444,60.88259241237725,0.3547223513252374,-47.00773138267095,""
MISSING COUNTY,Montana (2024),MISSING COUNTY,442,Computer systems design services,Indirect,534.2018674532928,0.003016251051862776,0.0015716464797730203,0.0014446045720897553,251.4383286809658,52.07567183267021,2.1537133310515144,21.024388369239677,""
MISSING COUNTY,Montana (2024),MISSING COUNTY,443,"Other computer related services, including facilities management",Indirect,193.45125992516026,0.0009839428857359993,0.0005700075777486785,0.00041393530798732096,76.55499401869665,15.349406988233408,1.1299532622009236,18.569579593276885,""
MISSING COUNTY,Montana (2024),MISSING COUNTY,444,Management consulting services,Indirect,2967.847182213633,0.020833815701235974,0.01234707890424899,0.008486736796986983,1518.7064061086753,304.5734080639371,18.423104500872995,80.98388186387314,""
MISSING COUNTY,Montana (2024),MISSING COUNTY,445,Environmental and other technical consulting services,Indirect,1540.408194693244,0.00939096031355717,0.005920993932923642,0.0034699663806335274,634.7092760451018,127.45211408095861,8.053475997937193,46.527010581955906,""
MISSING COUNTY,Montana (2024),MISSING COUNTY,446,Scientific research and development services,Indirect,150.80629354194275,0.0005664645661617345,0.0004260451904687963,0.0001404193756929381,43.40418578175846,4.580968423915182,1.0375003504374065,10.820770769309936,""
MISSING COUNTY,Montana (2024),MISSING COUNTY,447,"Advertising, public relations, and related services",Indirect,4041.110438961834,0.018120731297487508,0.010742272434601326,0.00737845886288618,1056.8889939844746,221.31471600410006,32.08295140624964,1308.0586297486798,""
MISSING COUNTY,Montana (2024),MISSING COUNTY,448,Photographic services,Indirect,70.3342775119424,0.000219562827696505,0.00017800042788033424,4.1562399816170764E-05,8.377724279225157,1.603968353171695,1.3572237528158517,28.756835073488535,""
MISSING COUNTY,Montana (2024),MISSING COUNTY,449,Veterinary services,Indirect,0.10866548479205959,8.722515702789438E-07,6.708851173320556E-07,2.013664529468883E-07,0.04197049571974632,0.00815747911540344,0.0005440495479454606,0.022938163945219445,""
MISSING COUNTY,Montana (2024),MISSING COUNTY,450,"All other miscellaneous professional, scientific, and technical services",Indirect,6904.596416909008,0.02237474409099716,0.013085891745984249,0.009288852345012909,1793.5603880914487,358.383186680275,30.240838786674693,2130.8331801269223,""
MISSING COUNTY,Montana (2024),MISSING COUNTY,451,Management of companies and enterprises,Indirect,1185.5857062001628,0.006005095350139031,0.004423744937364453,0.0015813504127745778,532.0560651674617,2.900833630168008,22.500517053461827,72.52794790528411,""
MISSING COUNTY,Montana (2024),MISSING COUNTY,452,Office administrative services,Indirect,1527.3431519732071,0.01745447706303564,0.00949006736447887,0.007964409698556768,1161.845192770494,187.3142992825924,4.950831813654218,-323.3808121605599,""
MISSING COUNTY,Montana (2024),MISSING COUNTY,453,Facilities support services,Indirect,221.8111983724638,0.001494618521016827,0.001007856494978174,0.0004867620260386531,77.58112134369563,12.52139821560394,0.8690167136071744,10.326656977074013,""
MISSING COUNTY,Montana (2024),MISSING COUNTY,454,Employment services,Indirect,6228.779235465826,0.057865767184601055,0.037786256538372434,0.020079510646228614,3004.6976438133393,495.48570199804914,15.692462641343512,750.682867889318,""
MISSING COUNTY,Montana (2024),MISSING COUNTY,455,Business support services,Indirect,391.1684581399426,0.004083080338186255,0.0028014194587094384,0.0012816608794768165,207.2509636421955,32.42136565152215,2.5227869506596816,-27.599510617791367,""
MISSING COUNTY,Montana (2024),MISSING COUNTY,456,Travel arrangement and reservation services,Indirect,193.2119793144036,0.0007595794287936784,0.00047430989815349994,0.00028526953064017855,39.616904941583655,6.233733023855288,0.9801632418235999,28.38123041204137,""
MISSING COUNTY,Montana (2024),MISSING COUNTY,457,Investigation and security services,Indirect,297.6495963093962,0.0044609841908017,0.0030693209445627617,0.0013916632462389377,200.04019353498262,32.07049061308467,2.405054857475187,-25.772202192971186,""
MISSING COUNTY,Montana (2024),MISSING COUNTY,458,Services to buildings,Indirect,1282.0293635069531,0.013111658949964976,0.01046326557636578,0.0026483933735991973,393.344380041626,63.57167654133471,9.441859569443082,114.49149512085306,""
MISSING COUNTY,Montana (2024),MISSING COUNTY,459,Landscape and horticultural services,Indirect,1290.2505345920863,0.010337244300939118,0.007537899266348597,0.002799345034590522,420.4449315393949,67.02268790460616,11.849033829822494,243.80110579513737,""
MISSING COUNTY,Montana (2024),MISSING COUNTY,460,Other support services,Indirect,773.2975955117439,0.004513895872880187,0.003220495322107873,0.0012934005507723146,238.39413667114138,29.995227579115035,3.8566641392258325,163.96913955989118,""
MISSING COUNTY,Montana (2024),MISSING COUNTY,461,Waste management and remediation services,Indirect,784.0399333272121,0.0026039081540376193,0.0022472851724591302,0.00035662298157848946,197.53681407072884,0.6475978941544799,23.100768038735023,120.02815365836105,""
MISSING COUNTY,Montana (2024),MISSING COUNTY,463,"Junior colleges, colleges, universities, and professional schools",Indirect,0.9059705731938631,1.0059894402655699E-05,5.550496339043653E-06,4.509398063612046E-06,0.40245707427477495,0.06081664106329538,0.02243217600759191,0.05696298939675791,""
MISSING COUNTY,Montana (2024),MISSING COUNTY,464,Other educational services,Indirect,720.9490605729335,0.006331981623385665,0.004316595817649026,0.002015385805736638,240.34588468977537,27.693210550347498,22.335668136551842,47.87730980189279,""
MISSING COUNTY,Montana (2024),MISSING COUNTY,466,Offices of dentists,Indirect,0.0012833995943157322,8.350122422047925E-09,6.956339619101692E-09,1.3937828029462337E-09,0.0005615144985337797,0.00010444616982490201,2.4431156050454463E-05,0.000295655377881333,""
MISSING COUNTY,Montana (2024),MISSING COUNTY,469,Medical and diagnostic laboratories,Indirect,0.06616128840933018,3.000307210554688E-07,2.2250563765249772E-07,7.75250834029711E-08,0.029268928268165337,0.005441341055886137,0.0011171716965531775,0.01484776771970831,""
MISSING COUNTY,Montana (2024),MISSING COUNTY,471,Other ambulatory health care services,Indirect,19.5412342609533,0.00015070674041418996,0.0001245025613125095,2.620417910168046E-05,10.247450197656036,1.9122413106553533,0.502897466790586,-1.9780504424692378,""
MISSING COUNTY,Montana (2024),MISSING COUNTY,478,Performing arts companies,Indirect,337.26131112853784,0.004192720006160359,0.0010917105063864955,0.003101009499773863,46.261302282549046,54.713242549720725,7.928732526371761,10.092611544680919,""
MISSING COUNTY,Montana (2024),MISSING COUNTY,479,Commercial Sports Except Racing,Indirect,315.7438074949229,0.007615144924395948,0.0024207431398805654,0.005194401784515382,71.59465741660415,138.30622152939654,7.828877228527891,-34.10702979834866,""
MISSING COUNTY,Montana (2024),MISSING COUNTY,480,Racing and Track Operation,Indirect,2.0428145760759,5.512106777376799E-05,1.9463810147884725E-05,3.565725762588327E-05,0.6128137110095743,1.1399426052689499,0.025786362904427394,-1.4367457294311587,""
MISSING COUNTY,Montana (2024),MISSING COUNTY,481,"Independent artists, writers, and performers",Indirect,35688.65105565862,0.26523374878192496,0.017214781291711414,0.24801896749021354,2752.328185563148,3806.337018997302,956.0568805602287,2152.8188138677097,""
MISSING COUNTY,Montana (2024),MISSING COUNTY,482,Promoters of performing arts and sports and agents for public figures,Indirect,13323.916428441615,0.09710780850723717,0.01817842592264093,0.07892938258459625,993.6948381272863,1495.7840806885997,235.46503704103426,342.608051369913,""
MISSING COUNTY,Montana (2024),MISSING COUNTY,483,"Museums, historical sites, zoos, and parks",Indirect,0.08463578252531864,7.381053449333815E-07,6.988939949030596E-07,3.921135003032184E-08,0.03830724988551562,0.0025275099182436116,0.0009662118084350188,0.0011705399155888011,""
MISSING COUNTY,Montana (2024),MISSING COUNTY,484,Amusement parks and arcades,Indirect,1.1600376556489203,1.190175346289333E-05,1.0203169751550148E-05,1.6985837113431805E-06,0.300415998787132,0.017433969156049493,0.31867960848916205,0.0666114834315231,""
MISSING COUNTY,Montana (2024),MISSING COUNTY,485,Gambling industries (except casino hotels),Indirect,0.2746882743348872,1.4904549614742368E-06,1.2855439428712445E-06,2.0491101860299229E-07,0.04896736496828638,0.0015484489864819294,0.02688506327002391,0.05937624648115547,""
MISSING COUNTY,Montana (2024),MISSING COUNTY,486,Other amusement and recreation industries,Indirect,38.98553258169692,0.0004701195482629085,0.00039429870547584475,7.582084278706376E-05,14.942920098363738,0.8220067045877041,5.067924771265753,1.8323219135585884,""
MISSING COUNTY,Montana (2024),MISSING COUNTY,487,Fitness and recreational sports centers,Indirect,29.301712017180694,0.0004995806224874446,0.0004496056946373972,4.997492785004742E-05,9.944695909291745,0.5277564341069627,3.1381302418200345,0.4184987292371965,""
MISSING COUNTY,Montana (2024),MISSING COUNTY,488,Bowling centers,Indirect,0.005073235799751382,8.075112471942835E-08,7.191326317596455E-08,8.837861543463802E-09,0.0018910501987863659,9.375895686742815E-05,0.0004761558324506994,-0.00012101440831207486,""
MISSING COUNTY,Montana (2024),MISSING COUNTY,489,"Hotels and motels, including casino hotels",Indirect,11.965793943070791,7.677852420709981E-05,6.690502166834172E-05,9.873502538758091E-06,3.5160173602518925,0.022061950573743945,0.6234401244312905,3.346192759726215,""
MISSING COUNTY,Montana (2024),MISSING COUNTY,490,Other accommodations,Indirect,8.610827912367816,5.633502086034715E-05,4.998772938682587E-05,6.347291473521287E-06,2.8757715097342977,0.01122631258143436,0.3361785582870485,2.0196564667823393,""
MISSING COUNTY,Montana (2024),MISSING COUNTY,491,Full-service restaurants,Indirect,1568.9363395909588,0.016386994152946047,0.015041319515801371,0.001345674637144677,493.943803122772,58.4894293583073,21.4675563850218,234.10896200784939,""
MISSING COUNTY,Montana (2024),MISSING COUNTY,492,Limited-service restaurants,Indirect,540.5321859407394,0.004718592117895318,0.0043172903127071454,0.0004013018051881735,137.64520547106653,17.545115027553404,9.605334476988638,72.79398698280202,""
MISSING COUNTY,Montana (2024),MISSING COUNTY,493,All other food and drinking places,Indirect,927.8796087662264,0.01150468355043196,0.010613029043660325,0.0008916545067716362,359.10131391190714,27.033059995802947,22.4922097504312,155.50185395816982,""
MISSING COUNTY,Montana (2024),MISSING COUNTY,494,"Automotive repair and maintenance, except car washes",Indirect,380.3323992412116,0.0029002454235044486,0.0017360516468217031,0.001164193776682746,125.13662706268858,58.7578028380937,9.721383878191784,26.684438420139866,""
MISSING COUNTY,Montana (2024),MISSING COUNTY,495,Car washes,Indirect,24.0376208333665,0.00021646508179718857,0.00015704215765912835,5.942292413806021E-05,8.416487985278488,3.0682775952767454,0.5025988795841606,0.847296492039306,""
MISSING COUNTY,Montana (2024),MISSING COUNTY,496,Electronic and precision equipment repair and maintenance,Indirect,567.3759575268467,0.0037386835446288035,0.0025559634836567376,0.0011827200609720659,190.93934111677981,49.94782526835277,9.271026636010493,86.90490315117367,""
MISSING COUNTY,Montana (2024),MISSING COUNTY,497,Commercial and industrial machinery and equipment repair and maintenance,Indirect,763.2294494767237,0.005676808188315564,0.003227565609052357,0.0024492425792632068,287.21432856376157,130.44227651594747,26.36253313699231,-20.262219038743726,""
MISSING COUNTY,Montana (2024),MISSING COUNTY,498,Personal and household goods repair and maintenance,Indirect,491.366014355797,0.0022857057995609473,0.0016393781685000526,0.0006463276310608949,107.05125881502597,28.270341907684244,10.012217794141371,75.62775358703686,""
MISSING COUNTY,Montana (2024),MISSING COUNTY,501,Dry-cleaning and laundry services,Indirect,66.97656320700229,0.001600812777135074,0.00041758344330030284,0.001183229333834771,20.566591608657756,40.31663919648635,1.4717622072080705,-18.59707188525742,""
MISSING COUNTY,Montana (2024),MISSING COUNTY,502,Other personal services,Indirect,63.343149121652054,0.000683866878232004,0.0002468121270320297,0.0004370547511999743,10.91150387480889,15.081903860004266,1.314041220825789,3.8929942581389194,""
MISSING COUNTY,Montana (2024),MISSING COUNTY,504,"Grantmaking, giving, and social advocacy organizations",Indirect,0.606461073419896,3.1866606647958577E-06,2.8268704542960005E-06,3.5979021049985764E-07,0.2141516760005671,0.007820683669785767,0.004447256315157727,0.055235755141760136,""
MISSING COUNTY,Montana (2024),MISSING COUNTY,505,Business and professional associations,Indirect,205.04619521109856,0.0008740091677034172,0.000757589940447762,0.00011641922725565516,69.62052371097158,2.6298789403085827,2.3089358513758262,18.917089685883806,""
MISSING COUNTY,Montana (2024),MISSING COUNTY,506,Labor and civic organizations,Indirect,1.0883109192803542,9.456100486012681E-06,8.856175489830813E-06,5.999249961818677E-07,0.3692339023629927,0.01315938983465614,0.008982179871216241,0.06725631603691899,""
MISSING COUNTY,Montana (2024),MISSING COUNTY,508,Postal service,Indirect,1064.5077290516042,0.007802228855275288,0.007802228855275288,0,824.7202602872849,0,0,61.21194701557187,""
MISSING COUNTY,Montana (2024),MISSING COUNTY,509,Federal electric utilities,Indirect,194.26827173580827,0.0001123249597898553,0.0001123249597898553,0,20.92463609828329,0,0,-2.131750513348742,""
MISSING COUNTY,Montana (2024),MISSING COUNTY,510,Other federal government enterprises,Indirect,7.216253983342894,0.00019104111574232355,0.00019104111574232355,0,38.67036665947941,0,-237.15593848942714,85.4056497044991,""
MISSING COUNTY,Montana (2024),MISSING COUNTY,513,Other state government enterprises,Indirect,17.295591194902055,4.821431330577514E-05,4.821431330577514E-05,0,4.924627609862465,0,-0.031727106627158226,0.08546299785636012,""
MISSING COUNTY,Montana (2024),MISSING COUNTY,514,Local government passenger transit,Indirect,69.91501475386083,0.0013122238259983777,0.0013122238259983777,0,83.02044529756338,0,0,-70.26856897327195,""
MISSING COUNTY,Montana (2024),MISSING COUNTY,515,Local government electric utilities,Indirect,61.74601294574902,7.662883658976673E-05,7.662883658976673E-05,0,12.724711197554823,0,0,2.3838501096364992,""
MISSING COUNTY,Montana (2024),MISSING COUNTY,516,Other local government enterprises,Indirect,664.9472224128878,0.0016159246667531233,0.0016159246667531233,0,131.62150573070278,0,-39.14107918720895,104.37929376858185,""
MISSING COUNTY,Montana (2024),MISSING COUNTY,1,Oilseed farming,Induced,0.8694452689465479,1.3261704208802897E-06,2.5316006194394234E-07,1.0730103589363475E-06,0.016938664739583394,0.13633606528815784,0.0508593250044088,0.507222924925595,""
MISSING COUNTY,Montana (2024),MISSING COUNTY,2,Grain farming,Induced,93.23878127009158,0.0001884814435157795,3.1655294842854946E-05,0.00015682614867292455,2.7971857731888607,8.512055404841725,-3.8223851149888066,6.236176269920889,""
MISSING COUNTY,Montana (2024),MISSING COUNTY,3,Vegetable and melon farming,Induced,150.23557250486544,0.0006887728023580455,0.00043449348661999646,0.0002542793157380491,16.022774151094367,37.97304880731095,6.619894569683087,29.609108988921935,""
MISSING COUNTY,Montana (2024),MISSING COUNTY,4,Fruit farming,Induced,8.827060777917065,6.183671593830016E-05,3.6730375495848325E-05,2.510634044245183E-05,1.1337861485167753,4.959388277553192,0.3855822643308403,1.6670995064501655,""
MISSING COUNTY,Montana (2024),MISSING COUNTY,5,Tree nut farming,Induced,0.01762900961683457,1.1495308435885093E-07,0,1.1495308435885093E-07,0,0.014751639923436864,0.002148686028514052,0,""
MISSING COUNTY,Montana (2024),MISSING COUNTY,6,"Greenhouse, nursery, and floriculture production",Induced,36.114467846861366,0.0002231905974641026,0.00019586670736329234,2.7323890100810253E-05,9.822466138679067,4.659157382158733,0.7480889399660109,2.2422805177858165,""
MISSING COUNTY,Montana (2024),MISSING COUNTY,9,Sugarcane and sugar beet farming,Induced,6.832629820938405,1.528645347209422E-05,8.728374336402064E-06,6.5580791356921565E-06,0.8835944194992619,0.5562359712077249,-0.000659543768934801,1.0535466922722057,""
MISSING COUNTY,Montana (2024),MISSING COUNTY,10,All other crop farming,Induced,42.10748003470611,0.0005780177695619493,5.741170500704462E-05,0.0005206060645549047,6.461921089929059,4.515901520293221,-0.010889908415222279,2.2353528042350117,""
MISSING COUNTY,Montana (2024),MISSING COUNTY,11,"Beef cattle ranching and farming, including feedlots and dual-purpose ranching and farming",Induced,55.36500128087471,0.0003124613799225681,4.768094640432499E-05,0.0002647804335182431,1.5288125286791596,8.347450391233597,1.9906734128364287,17.68636969930652,""
MISSING COUNTY,Montana (2024),MISSING COUNTY,12,Dairy cattle and milk production,Induced,29.144933345260522,7.57293121150644E-05,5.779592360851036E-05,1.793338850655404E-05,1.5994336893866854,3.858764772920881,1.8145310917667978,1.538097302609467,""
MISSING COUNTY,Montana (2024),MISSING COUNTY,13,Poultry and egg production,Induced,46.758366650441154,3.8048859881410364E-05,2.1586447633952955E-05,1.6462412247457412E-05,1.6938172438315342,0.9273386082981709,2.448731273527101,1.1198913681310898,""
MISSING COUNTY,Montana (2024),MISSING COUNTY,14,"Animal production, except cattle and poultry and eggs",Induced,82.1170702172813,0.0006347957907418238,0.00011888432325411454,0.0005159114674877093,7.299443634753413,26.75506825836832,3.314526683452148,40.22375853091048,""
MISSING COUNTY,Montana (2024),MISSING COUNTY,15,"Forestry, forest products, and timber tract production",Induced,0.12899028179258176,1.5594987756421746E-06,8.535010377572658E-07,7.059977378849091E-07,0.06077838000144637,0.032593821134167845,0.01146420402119507,0.015513659628582263,""
MISSING COUNTY,Montana (2024),MISSING COUNTY,16,Commercial logging,Induced,2.0504297985187883,2.3141440958155845E-05,1.1747982132200617E-05,1.1393458825955226E-05,1.0034481454336686,0.5392446699615031,0.09600344691359991,-0.0005307674493659695,""
MISSING COUNTY,Montana (2024),MISSING COUNTY,17,Commercial fishing,Induced,9.875200130416843,0.0004922440646712316,2.9319612663681044E-06,0.0004893121034048634,0.44292368756464706,6.990282578931489,5.674977562713816,-3.3055876314816612,""
MISSING COUNTY,Montana (2024),MISSING COUNTY,18,Commercial hunting and trapping,Induced,13.122109790376596,6.911601111212303E-05,2.5342082649047694E-06,6.658180284721825E-05,0.1462602860319342,9.779903665158406,1.3675439950423476,1.3730980664617185,""
MISSING COUNTY,Montana (2024),MISSING COUNTY,19,Support activities for agriculture and forestry,Induced,26.57301564042701,0.0004059423683905385,0.00020480076313465656,0.00020114160525588196,24.8355815603758,0.994345159818166,0.8622884405500173,-0.14778920487049474,""
MISSING COUNTY,Montana (2024),MISSING COUNTY,20,Oil and gas extraction,Induced,197.91733137139732,0.0003308559954393432,4.8229951859672715E-05,0.0002826260435796705,8.329585755870012,25.495719069512624,22.141271931717885,9.448891829009385,""
MISSING COUNTY,Montana (2024),MISSING COUNTY,21,Coal mining,Induced,23.343077253393915,2.9114899294845645E-05,2.056554500832529E-05,8.549354286520355E-06,3.4035984661691727,2.4235328193180306,2.3159640127719987,4.796054254986335,""
MISSING COUNTY,Montana (2024),MISSING COUNTY,22,"Copper, nickel, lead, and zinc mining",Induced,33.41304225661852,4.882296024840636E-05,3.5580323882471855E-05,1.3242636365934499E-05,5.64833696165008,2.0193433878273863,3.8556671884053735,6.428824553097491,""
MISSING COUNTY,Montana (2024),MISSING COUNTY,24,Gold ore and silver ore mining,Induced,1.2691802632325744,9.440743244684749E-07,6.384404000506183E-07,3.0563392441785656E-07,0.1310078025921474,0.5921208242855899,0.05487281578526479,0.051145296195935365,""
MISSING COUNTY,Montana (2024),MISSING COUNTY,25,Other metal ore mining,Induced,0.14654392343717992,2.0464732195226471E-07,1.5903269028079204E-07,4.561463167147265E-08,0.02835232279252061,0.008255614186696106,0.016483175067322036,0.0460108913134472,""
MISSING COUNTY,Montana (2024),MISSING COUNTY,26,Stone mining and quarrying,Induced,13.952842845869732,3.4537676973821054E-05,3.126238873951935E-05,3.275288234301707E-06,2.831942342738975,0.5807322337131424,1.3765053481572476,2.5255011186419063,""
MISSING COUNTY,Montana (2024),MISSING COUNTY,27,Sand and gravel mining,Induced,5.687546044359996,1.694289870287069E-05,1.5503620827673094E-05,1.4392778751975912E-06,1.691649515006652,0.38327102590138085,0.5034753369801288,0.5018107883134292,""
MISSING COUNTY,Montana (2024),MISSING COUNTY,29,Other nonmetallic mineral mining and quarrying,Induced,1.4802577833741377,4.025387285082258E-06,3.3646984900043694E-06,6.606887950778889E-07,0.4888525965406751,0.13926301485473822,0.12009327384573555,0.16873405684216014,""
MISSING COUNTY,Montana (2024),MISSING COUNTY,30,Drilling oil and gas wells,Induced,0.0014496849131725117,8.126582839249042E-09,5.263032668334718E-09,2.8635501709143243E-09,0.0006283352327360963,3.01875131455555E-05,6.426749264920728E-05,-6.305311946324855E-05,""
MISSING COUNTY,Montana (2024),MISSING COUNTY,31,Support activities for oil and gas operations,Induced,0.5936074804183896,2.657082015908553E-06,1.6272815983372225E-06,1.0298004175713303E-06,0.19614589551458564,0.024686026666051956,0.04401066280448615,0.05012061647983559,""
MISSING COUNTY,Montana (2024),MISSING COUNTY,32,Metal mining services,Induced,0.17288387661716403,6.20700200721139E-07,4.636694333085618E-07,1.5703076741257718E-07,0.05517358685366957,0.001702392194951154,0.005717887774869172,0.004086183834297834,""
MISSING COUNTY,Montana (2024),MISSING COUNTY,33,Other nonmetallic minerals services,Induced,0.005622747773205786,1.816278237695481E-08,1.3779311380710905E-08,4.383470996243905E-09,0.0020578072317094147,5.5302718792301836E-05,0.0001574903333062347,-1.8522737122791516E-05,""
MISSING COUNTY,Montana (2024),MISSING COUNTY,34,Electric power generation - Hydroelectric,Induced,111.75660730289361,9.265280129377696E-05,8.208959868875162E-05,1.0563202605025337E-05,23.52297743761311,-0.04481128021614051,10.525604679890028,19.221913179033383,""
MISSING COUNTY,Montana (2024),MISSING COUNTY,35,Electric power generation - Fossil  fuel,Induced,465.6380255698598,0.00029541022187830926,0.0002761029057508529,1.9307316127456318E-05,48.66563495155329,-0.12167686982996762,42.51936994553377,91.81520396164672,""
MISSING COUNTY,Montana (2024),MISSING COUNTY,37,Electric power generation - Solar,Induced,9.516157441654078,1.3758041481567212E-05,1.2999374395642417E-05,7.586670859247952E-07,2.287503421971638,-0.007575750174036647,0.8347590145915716,1.2492018254769648,""
MISSING COUNTY,Montana (2024),MISSING COUNTY,38,Electric power generation - Wind,Induced,67.3050063135356,3.3296828217814074E-05,3.1324448401161776E-05,1.972379816652297E-06,5.601649978178674,-0.01125717526125706,9.181296297700115,20.002651132990337,""
MISSING COUNTY,Montana (2024),MISSING COUNTY,40,Electric power generation - Biomass,Induced,0.8875294828099333,6.871708192466504E-07,6.871708192466504E-07,0,0.16760362314930388,0,0.07207421113255741,0.1752043717606637,""
MISSING COUNTY,Montana (2024),MISSING COUNTY,41,Electric power generation - All other,Induced,0.05592505995173578,1.912064079922576E-06,1.70970157271521E-06,2.0236250720736572E-07,0.5615673031996794,-0.001583201298952699,0.014063929853756131,-1.07493451902222,""
MISSING COUNTY,Montana (2024),MISSING COUNTY,42,Electric power transmission and distribution,Induced,1900.8722330052994,0.0013566799614618725,0.0012764535843391635,8.022637712270913E-05,199.67124282427045,-0.47796833308193715,97.46734930776537,289.7933865441306,""
MISSING COUNTY,Montana (2024),MISSING COUNTY,43,Natural gas distribution,Induced,301.77585733489184,0.0004981118500056861,0.0004677026560299034,3.0409193975782827E-05,69.38019036081923,-0.14404505361012523,48.74529603143516,45.2103579548303,""
MISSING COUNTY,Montana (2024),MISSING COUNTY,44,"Water, sewage and other systems",Induced,53.07718245910399,0.00022986737493873465,0.00022513138454791133,4.735990390823293E-06,12.255225660891183,-0.02767951808092832,4.948797175012808,2.8137909620137296,""
MISSING COUNTY,Montana (2024),MISSING COUNTY,55,Maintenance and repair construction of nonresidential structures,Induced,580.6972288853675,0.0027578931013335075,0.0017506058977986194,0.0010072872035348885,164.85678570176063,63.4942258854207,5.298672016928558,27.87954002683131,""
MISSING COUNTY,Montana (2024),MISSING COUNTY,56,Maintenance and repair construction of residential structures,Induced,694.896874757554,0.004430455065250443,0.0029129480951490577,0.0015175069701013854,250.4405803220552,89.46410879430783,7.4849063915918705,38.17320453911761,""
MISSING COUNTY,Montana (2024),MISSING COUNTY,57,"Maintenance and repair construction of highways, streets, bridges, and tunnels",Induced,5.367908825010667,2.562955588697014E-05,1.626710559128039E-05,9.36245029568975E-06,1.5318285343450928,0.5901640745078518,0.050108634976550576,0.27945872053105036,""
MISSING COUNTY,Montana (2024),MISSING COUNTY,59,Other animal food manufacturing,Induced,48.62828348252522,2.7909613354092383E-05,2.18031968772624E-05,6.106416476829985E-06,2.2228069136703397,0.05523094302532798,0.14722071107437615,0.7344493398857771,""
MISSING COUNTY,Montana (2024),MISSING COUNTY,60,Flour milling,Induced,35.84297743004024,2.3836929074974557E-05,1.8305962255502627E-05,5.530966819471934E-06,2.18509917838136,0.05356220369984641,0.08844473030546099,0.9228216742326518,""
MISSING COUNTY,Montana (2024),MISSING COUNTY,61,Rice milling,Induced,13.559887405747352,1.5602984726035635E-05,1.276957427305361E-05,2.833410452982027E-06,1.068783027782261,0.036988762531517214,0.02430776801447873,0.35543502209867733,""
MISSING COUNTY,Montana (2024),MISSING COUNTY,62,Malt manufacturing,Induced,10.343118726921096,8.155627302835366E-06,5.945914608108841E-06,2.2097126947265254E-06,0.7158676901414346,0.017158280101060817,0.03290933221230691,0.30444700212968523,""
MISSING COUNTY,Montana (2024),MISSING COUNTY,64,Soybean and other oilseed processing,Induced,4.612991485056588,6.213494093457349E-07,4.758309285380466E-07,1.4551848080768833E-07,0.040869615378461815,0.0011013946296663862,0.027888798125121666,0.047365165713658626,""
MISSING COUNTY,Montana (2024),MISSING COUNTY,66,Breakfast cereal manufacturing,Induced,2.8772199515060453,3.097734347942264E-06,2.4441576485770627E-06,6.535766993652015E-07,0.18997982000183283,0.004499691357085337,0.006995389938068753,0.07507290692003774,""
MISSING COUNTY,Montana (2024),MISSING COUNTY,67,Beet sugar manufacturing,Induced,18.08446524344508,2.8469268341973623E-05,2.2797205398339286E-05,5.672062943634338E-06,2.2165651778830453,0.04644528069064326,0.07324650676758312,0.613990562959212,""
MISSING COUNTY,Montana (2024),MISSING COUNTY,69,Nonchocolate confectionery manufacturing,Induced,1.3967367914961406,2.919542864993752E-06,2.365372432086093E-06,5.541704329076587E-07,0.18806713700291472,0.0076668287047126915,0.0024944282307087936,0.008715278385048755,""
MISSING COUNTY,Montana (2024),MISSING COUNTY,70,Chocolate and confectionery manufacturing from cacao beans,Induced,0.6500837152112026,1.0873619054614565E-06,9.132781355845338E-07,1.740837698769227E-07,0.06686924754017436,0.003921533174041522,0.0018909821234414982,0.0197888146892032,""
MISSING COUNTY,Montana (2024),MISSING COUNTY,71,Confectionery manufacturing from purchased chocolate,Induced,1.9116351707648105,4.925068568978126E-06,4.4026359956620115E-06,5.224325733161144E-07,0.220871614251351,0.008537601094711446,0.003536910092990104,0.01869694794429676,""
MISSING COUNTY,Montana (2024),MISSING COUNTY,73,Frozen specialties manufacturing,Induced,1.79807807291279,4.643540328645784E-06,4.130557438648234E-06,5.129828899975494E-07,0.1883132463019103,0.005421180230726779,0.0026505767139378806,0.027775678765084258,""
MISSING COUNTY,Montana (2024),MISSING COUNTY,74,Canned fruits and vegetables manufacturing,Induced,0.7139153171132069,1.2354361105426948E-06,1.127200891852491E-06,1.08235218690204E-07,0.046767480679366626,0.0018528682767390784,0.00137412305012214,0.011478660535866296,""
MISSING COUNTY,Montana (2024),MISSING COUNTY,75,Canned specialties,Induced,3.12531773468281,3.5558379526562764E-06,3.1892392378040056E-06,3.665987148522699E-07,0.13161413552268938,0.004587457227460121,0.004006174264362197,0.032852147738733496,""
MISSING COUNTY,Montana (2024),MISSING COUNTY,77,Cheese manufacturing,Induced,1.8528743173578401,1.581105385005816E-06,1.1624514206275951E-06,4.186539643782211E-07,0.1268441012036189,0.0035503078227190005,0.0041631509654581275,0.03686213342279789,""
MISSING COUNTY,Montana (2024),MISSING COUNTY,79,Fluid milk manufacturing,Induced,137.80069483123114,0.0001482809134245016,0.0001242164364685834,2.4064476955918207E-05,10.74796177602881,0.4187587252779567,0.30170593547335445,2.4457952321260157,""
MISSING COUNTY,Montana (2024),MISSING COUNTY,81,Ice cream and frozen dessert manufacturing,Induced,1.0441108193394961,2.4483559656376586E-06,2.0473827803866217E-06,4.009731852510367E-07,0.16892570076371027,0.0063389717104008585,0.002069683553445136,0.022695091902561557,""
MISSING COUNTY,Montana (2024),MISSING COUNTY,82,Frozen cakes and other pastries manufacturing,Induced,1.0430788358783984,3.9587254572079985E-06,3.590768435822483E-06,3.679570213855156E-07,0.17238917660292818,0.0179390907740903,0.005914856692436394,0.09124987545106167,""
MISSING COUNTY,Montana (2024),MISSING COUNTY,83,Poultry processing,Induced,1.636381548983664,3.946480784188744E-06,3.1549169926228613E-06,7.915637915658832E-07,0.2844324894518967,0.010524920231455143,0.0032640371818985926,0.03841309232097878,""
MISSING COUNTY,Montana (2024),MISSING COUNTY,84,"Animal, except poultry, slaughtering",Induced,24.622326917648444,3.259529298389591E-05,2.7770913751730923E-05,4.824379232164986E-06,1.395839776943988,0.03176672596051828,0.061181734317501464,0.23139427878478017,""
MISSING COUNTY,Montana (2024),MISSING COUNTY,85,Meat processed from carcasses,Induced,57.7507065875386,9.881331311285364E-05,8.31422108724857E-05,1.5671102240367945E-05,5.043323754011692,0.1381680467019959,0.10971359138646256,0.3928544502849145,""
MISSING COUNTY,Montana (2024),MISSING COUNTY,86,Rendering and meat byproduct processing,Induced,0.035222370801449104,4.059746778051452E-08,3.357335769970546E-08,7.024110080809053E-09,0.00352952416582167,0.00017357829929637428,9.411530445295151E-05,0.0011809656170172602,""
MISSING COUNTY,Montana (2024),MISSING COUNTY,88,"Bread and bakery product, except frozen, manufacturing",Induced,60.0622197949503,0.000329095607106766,0.0002969359546010183,3.215965250574773E-05,14.958593346458532,1.027586293358536,0.3427194263911149,4.8176325449616435,""
MISSING COUNTY,Montana (2024),MISSING COUNTY,89,Cookie and cracker manufacturing,Induced,7.667093712921455,2.4074728751499745E-05,2.011230157248555E-05,3.962427179014199E-06,1.4709234573760406,0.07186109711745958,0.027840672466108277,0.16575039066147335,""
MISSING COUNTY,Montana (2024),MISSING COUNTY,90,"Dry pasta, mixes, and dough manufacturing",Induced,11.106066590284033,1.642956934539079E-05,1.3301081586910596E-05,3.1284877584801953E-06,1.1443644886915696,0.042880914512349426,0.04311162708002487,0.5376025720157477,""
MISSING COUNTY,Montana (2024),MISSING COUNTY,91,Tortilla manufacturing,Induced,9.836366763099752,3.084208148656341E-05,2.7262467354555796E-05,3.5796141320076098E-06,1.7399094811319498,0.039140632303034516,0.02187698890164974,0.028773636056167066,""
MISSING COUNTY,Montana (2024),MISSING COUNTY,92,Roasted nuts and peanut butter manufacturing,Induced,3.3845767122121995,5.0122441609181136E-06,5.0122441609181136E-06,0,0.4421158371200447,0,0,0.0971982084908932,""
MISSING COUNTY,Montana (2024),MISSING COUNTY,93,Other snack food manufacturing,Induced,3.8971770685230975,6.559431999948174E-06,6.351194720854703E-06,2.0823727909347138E-07,0.4917482784948139,0.002510687655081439,0.004943394952777361,0.11021833265448157,""
MISSING COUNTY,Montana (2024),MISSING COUNTY,94,Coffee and tea manufacturing,Induced,6.523157595781527,1.0321258803416963E-05,9.431484574224994E-06,8.897742291919707E-07,0.42020241609129916,0.01388862740990315,0.014800725553802898,0.10589511589595893,""
MISSING COUNTY,Montana (2024),MISSING COUNTY,98,All other food manufacturing,Induced,2.856923701426487,6.2081766964575345E-06,5.34424911768635E-06,8.639275787711847E-07,0.33537927127849854,0.011373875580950535,0.004849100139073226,0.039073556519826164,""
MISSING COUNTY,Montana (2024),MISSING COUNTY,99,Bottled and canned soft drinks and water,Induced,151.7245219109671,0.00022608198976420578,0.0002053271989661344,2.075479079807139E-05,14.02311401294158,0.05549367457387518,0.4271695669618254,4.3001260055077335,""
MISSING COUNTY,Montana (2024),MISSING COUNTY,100,Manufactured ice,Induced,9.493116594944006,5.1529117916576854E-05,4.743926326508913E-05,4.089854651487722E-06,2.8072885105128464,0.009219732458423766,0.023941140358438917,-0.9449406263928235,""
MISSING COUNTY,Montana (2024),MISSING COUNTY,101,Breweries,Induced,88.485786378771,0.0003254505184255816,0.00030726392678483426,1.8186591640747328E-05,13.130843274840037,0.034373736572077186,2.3315683838101893,2.57488485286235,""
MISSING COUNTY,Montana (2024),MISSING COUNTY,102,Wineries,Induced,8.816297736408549,3.2970651914827125E-05,3.200059216043971E-05,9.700597543874174E-07,0.7264639265339807,0.0022616711848773975,0.08905676090156235,0.18721172838212652,""
MISSING COUNTY,Montana (2024),MISSING COUNTY,103,Distilleries,Induced,1.8127136311702385,2.67515357216764E-06,2.4320335990371616E-06,2.431199731304785E-07,0.11856266708903679,0.00039123993185569855,0.1857047124132145,0.04860209460606209,""
MISSING COUNTY,Montana (2024),MISSING COUNTY,104,Tobacco manufacturing,Induced,61.43701584831434,2.115751752242006E-05,1.8524751829594275E-05,2.6327656928257827E-06,1.370707850830166,0.0025039910810480486,8.074334845995962,4.1357643179083965,""
MISSING COUNTY,Montana (2024),MISSING COUNTY,106,Broadwoven fabric mills,Induced,0.040871115088600835,1.5396487351296498E-07,1.2819391639838437E-08,1.4114548187312652E-07,0.0009925611112386503,0.0021511619455814187,0.0008659364470116622,-0.0002764332090307956,""
MISSING COUNTY,Montana (2024),MISSING COUNTY,110,Textile and fabric finishing mills,Induced,0.002978728596410331,1.038623276292415E-08,1.7565541510698216E-09,8.629678611854329E-09,0.00014097308365335239,0.0001396843131040491,4.872390209925311E-05,-3.35217932482765E-05,""
MISSING COUNTY,Montana (2024),MISSING COUNTY,113,Curtain and linen mills,Induced,0.008401642752757957,4.1493744217832666E-08,3.356509779574236E-08,7.9286464220903E-09,0.002178179236656569,0.0002796839477932862,0.00012916405747669473,-0.000348280840021156,""
MISSING COUNTY,Montana (2024),MISSING COUNTY,114,Textile bag and canvas mills,Induced,0.2599048560883619,1.32335161342431E-06,1.0723021811441954E-06,2.510494322801147E-07,0.06567533056084686,0.007603435545569842,0.0025019127987653835,-0.00840513938646222,""
MISSING COUNTY,Montana (2024),MISSING COUNTY,116,Other textile product mills,Induced,0.5891263386346831,3.8497979851389055E-06,3.3311234815972994E-06,5.186745035416064E-07,0.14330368269647345,0.01612356769590898,0.008667486896487914,-0.03910021202403511,""
MISSING COUNTY,Montana (2024),MISSING COUNTY,118,Cut and sew apparel contractors,Induced,0.07055794850287363,2.832400418554765E-06,3.156825879476381E-07,2.5167178306071266E-06,0.010689012413692241,0.12139433301546626,0.0004053533028016826,-0.2549158896503586,""
MISSING COUNTY,Montana (2024),MISSING COUNTY,119,Cut and sew apparel manufacturing (except contractors),Induced,0.05794487363268279,4.622294270492687E-07,1.0959284427128036E-07,3.5263658277798833E-07,0.0013745144103730726,0.016597835066300495,0.00021602803194527146,0.0002477956244797541,""
MISSING COUNTY,Montana (2024),MISSING COUNTY,120,Apparel accessories and other apparel manufacturing,Induced,0.25792137211269195,1.5832382543135957E-06,1.881627064022416E-07,1.3950755479113542E-06,0.007171595161954685,0.14341560468316047,0.0005549765368021547,0.0007248441440399347,""
MISSING COUNTY,Montana (2024),MISSING COUNTY,121,Leather and hide tanning and finishing,Induced,0.3165673682508219,1.3758049533252269E-06,4.944613725714896E-07,8.813435807537373E-07,0.02166786531316518,0.045676615184500766,0.0024692192766194933,0.008090527394655406,""
MISSING COUNTY,Montana (2024),MISSING COUNTY,122,Footwear manufacturing,Induced,0.01054169883588539,6.553331081006076E-08,3.213403693116426E-08,3.33992738788965E-08,0.0006341140311802957,0.0009764718335071475,3.3202855188999475E-05,1.0846510810695303E-05,""
MISSING COUNTY,Montana (2024),MISSING COUNTY,123,Other leather and allied product manufacturing,Induced,0.08432159750995515,5.073795450700733E-07,2.196376996286018E-07,2.877418454414714E-07,0.009184979209433869,0.0166526517435284,0.0002466118784307012,0.00021608118901831618,""
MISSING COUNTY,Montana (2024),MISSING COUNTY,124,Sawmills,Induced,11.303344798418797,2.4498573619748213E-05,2.045594157369182E-05,4.042632046056388E-06,1.6296756730813766,0.19425927167112997,0.05964264038846685,0.4043079541129154,""
MISSING COUNTY,Montana (2024),MISSING COUNTY,125,Wood preservation,Induced,1.5428655175909534,1.7142869019896494E-06,1.4417850437802664E-06,2.7250185820938305E-07,0.1091027021227686,0.01530411697864569,0.009455929470986342,0.10520712682110192,""
MISSING COUNTY,Montana (2024),MISSING COUNTY,126,Veneer and plywood manufacturing,Induced,3.3239933948336957,7.89411688767116E-06,5.813056273745894E-06,2.0810606139252645E-06,0.7007853145642615,0.0873851244954926,0.019551999251754743,0.2823024827182539,""
MISSING COUNTY,Montana (2024),MISSING COUNTY,127,Engineered wood member and truss manufacturing,Induced,2.966715156142846,6.928500131234911E-06,6.018891780538906E-06,9.096083506960051E-07,0.48225622698941717,0.06688206030230294,0.01138901585897172,0.11510597025770146,""
MISSING COUNTY,Montana (2024),MISSING COUNTY,128,Reconstituted wood product manufacturing,Induced,3.8159573254503765,4.177966941145363E-06,3.3365564661796114E-06,8.41410474965751E-07,0.3697041635405082,0.050871067971256116,0.020205488817758806,0.3183278817252833,""
MISSING COUNTY,Montana (2024),MISSING COUNTY,129,Wood windows and door manufacturing,Induced,5.759505199449275,1.8693061720228102E-05,1.673197173145295E-05,1.961089988775153E-06,0.8867892695621047,0.1246974374503598,0.031057474890265575,0.1920500097024454,""
MISSING COUNTY,Montana (2024),MISSING COUNTY,130,"Cut stock, resawing lumber, and planing",Induced,4.045312215230994,1.0742545779772831E-05,9.31142601353683E-06,1.4311197662360023E-06,0.6112065735393438,0.06103712058218967,0.021317482003032066,0.24481445852567504,""
MISSING COUNTY,Montana (2024),MISSING COUNTY,131,"Other millwork, including flooring",Induced,5.411884547828591,1.7083276427006382E-05,1.5328380396637593E-05,1.7548960303687881E-06,1.0358798411596024,0.11541765349968049,0.029251231503760147,0.27473993908486416,""
MISSING COUNTY,Montana (2024),MISSING COUNTY,132,Wood container and pallet manufacturing,Induced,11.048662481983104,4.0146572536196206E-05,3.7099626964558915E-05,3.0469455716372896E-06,1.8123717498945169,0.1898318642474887,0.04967920820606339,0.3700279694195248,""
MISSING COUNTY,Montana (2024),MISSING COUNTY,134,Prefabricated wood building manufacturing,Induced,5.644496021372437,1.5714565984643507E-05,1.3993218055152427E-05,1.721347929491079E-06,1.047024108183364,0.1006581534688959,0.024554373390483292,0.2802740449957732,""
MISSING COUNTY,Montana (2024),MISSING COUNTY,135,All other miscellaneous wood product manufacturing,Induced,8.234531252233406,2.8177221464879846E-05,2.578432920146735E-05,2.392892263412495E-06,1.3336065066910296,0.14918465276196843,0.043193720744061956,0.334613860058384,""
MISSING COUNTY,Montana (2024),MISSING COUNTY,139,Paperboard container manufacturing,Induced,0.28812378437106,4.52624860494997E-07,4.52624860494997E-07,0,0.04915069750543434,0,0.004173313669655257,0.00021665380657495816,""
MISSING COUNTY,Montana (2024),MISSING COUNTY,144,Printing,Induced,67.77917351124424,0.0003210873361519694,0.0002624342553033358,5.865308084863355E-05,17.322850554273973,1.7596278496130282,0.7252126724470592,8.062391582301471,""
MISSING COUNTY,Montana (2024),MISSING COUNTY,145,Support activities for printing,Induced,0.15349798257061512,1.0230788884965983E-06,8.289489086710221E-07,1.9412997982557634E-07,0.05298574097152099,0.004994523558627184,0.001506048624159592,0.017448627337858128,""
MISSING COUNTY,Montana (2024),MISSING COUNTY,146,Petroleum refineries,Induced,2633.1256427849985,0.00026871533157328195,0.0002475396214674624,2.1175710105819537E-05,63.83485156023898,3.113489322338063,19.292007472187144,265.40518031670103,""
MISSING COUNTY,Montana (2024),MISSING COUNTY,147,Asphalt paving mixture and block manufacturing,Induced,3.3750508384434696,2.5106603509837927E-06,2.4624630263714198E-06,4.8197324612372596E-08,0.3346478370420227,0.004626962772850563,0.022123139240099357,-0.0013441378031363747,""
MISSING COUNTY,Montana (2024),MISSING COUNTY,149,Petroleum lubricating oil and grease manufacturing,Induced,2.3889012831963163,1.6140266381513722E-06,1.5781770414386915E-06,3.584959671268081E-08,0.20534241871241204,0.0025251243181351126,0.013578545712119559,0.2035098807472442,""
MISSING COUNTY,Montana (2024),MISSING COUNTY,152,Industrial gas manufacturing,Induced,45.011359150877595,2.499293585994555E-05,2.1609133771966434E-05,3.383802087979116E-06,4.206676542898204,0.37046143967555134,1.1630434237903322,3.991766643903446,""
MISSING COUNTY,Montana (2024),MISSING COUNTY,154,Other basic inorganic chemical manufacturing,Induced,3.7874487922052853,3.4880382247248832E-06,3.1178908922549745E-06,3.701473324699086E-07,0.4937532620637088,0.06930207495721354,0.09153985874924056,0.45693653047348315,""
MISSING COUNTY,Montana (2024),MISSING COUNTY,159,Nitrogenous fertilizer manufacturing,Induced,3.0011819978588123,1.4312580610221435E-06,1.3093666997497693E-06,1.2189136127237388E-07,0.20417364473395977,0.014116030078308132,0.09269886351068735,0.5137516137979881,""
MISSING COUNTY,Montana (2024),MISSING COUNTY,161,Fertilizer mixing,Induced,0.04385130568052258,5.317206143307596E-08,5.007101039325649E-08,3.101051039819474E-09,0.0060944927322515285,0.00039563080775200965,0.00047723744899348924,0.0015840057157916348,""
MISSING COUNTY,Montana (2024),MISSING COUNTY,162,Pesticide and other agricultural chemical manufacturing,Induced,1.4458346617196434,8.749145574484517E-07,7.851553321843007E-07,8.975922526415097E-08,0.09897285317533848,0.00796102833757668,0.03294431778816393,0.14929524824396345,""
MISSING COUNTY,Montana (2024),MISSING COUNTY,163,Medicinal and botanical manufacturing,Induced,0.4349852131495731,7.351356231151059E-07,6.903264969224973E-07,4.4809126192608544E-08,0.05714699353007452,0.003946246382497321,0.007917834378196134,0.021826467258471472,""
MISSING COUNTY,Montana (2024),MISSING COUNTY,164,Pharmaceutical preparation manufacturing,Induced,0.07276507773060616,7.314919665465777E-08,6.117716922581718E-08,1.1972027428840597E-08,0.013622828663714488,0.001377440990070528,0.0034278021728795563,0.011324039149766194,""
MISSING COUNTY,Montana (2024),MISSING COUNTY,166,Biological product (except diagnostic) manufacturing,Induced,0.07845229471955291,1.4756491251680726E-07,1.355279753251787E-07,1.2036937191628554E-08,0.014735846418791906,0.0011757219776273762,0.0024416685565105075,0.0072541370533734575,""
MISSING COUNTY,Montana (2024),MISSING COUNTY,167,Paint and coating manufacturing,Induced,0.10558771775501206,1.106391065275065E-07,9.78474399057403E-08,1.2791666621766195E-08,0.016789088439583436,0.0019025667145533764,0.001998350142210542,0.012446047164150514,""
MISSING COUNTY,Montana (2024),MISSING COUNTY,169,Soap and other detergent manufacturing,Induced,3.444736226917143,3.2565327514807187E-06,3.0367774449799775E-06,2.197553065007412E-07,0.21700367191909634,0.03897295808452435,0.08284964542053856,0.2613233199795352,""
MISSING COUNTY,Montana (2024),MISSING COUNTY,172,Toilet preparation manufacturing,Induced,0.23158996699409037,3.85983071824261E-07,3.7130194597715765E-07,1.4681125847103312E-08,0.01920665382623504,0.0014059758284992855,0.007281269284274178,0.020378123706620576,""
MISSING COUNTY,Montana (2024),MISSING COUNTY,176,Photographic film and chemical manufacturing,Induced,1.700587282526092,2.450989876981448E-06,2.3105527288546533E-06,1.4043714812679417E-07,0.20426821128475092,0.010047669597079572,0.054360704385403254,0.1849664179805152,""
MISSING COUNTY,Montana (2024),MISSING COUNTY,177,Other miscellaneous chemical product manufacturing,Induced,0.9376446779987623,1.2787767615945996E-06,1.223045914876926E-06,5.573084671767354E-08,0.07984464644103115,0.007587169101560774,0.021839679544350104,0.03850394184948769,""
MISSING COUNTY,Montana (2024),MISSING COUNTY,179,Unlaminated plastics profile shape manufacturing,Induced,0.2559744901209386,4.395138062707841E-07,4.154196092209888E-07,2.409419704979529E-08,0.03170448620006869,-8.910593885970785E-05,0.0012947746506182581,0.0053581022667601765,""
MISSING COUNTY,Montana (2024),MISSING COUNTY,180,Plastics pipe and pipe fitting manufacturing,Induced,0.9108158510224327,1.2133834717607355E-06,1.1635888613950038E-06,4.979461036573173E-08,0.08198557201844411,-0.0002075313171321916,0.01002580408001779,0.07445238939196183,""
MISSING COUNTY,Montana (2024),MISSING COUNTY,181,"Laminated plastics plate, sheet (except packaging), and shape manufacturing",Induced,0.23798062338624423,5.842064762975912E-07,5.47583726346664E-07,3.6622749950927156E-08,0.048560628125022494,-0.00014221816446414074,0.001653978076742388,0.015548616732474294,""
MISSING COUNTY,Montana (2024),MISSING COUNTY,182,Polystyrene foam product manufacturing,Induced,4.089613101846597,7.523947842151449E-06,7.026693810851009E-06,4.972540313004405E-07,0.7217161435329197,-0.0019292074535506784,0.025649408015901633,0.1522055953276433,""
MISSING COUNTY,Montana (2024),MISSING COUNTY,183,Urethane and other foam product (except polystyrene) manufacturing,Induced,0.5518715007150699,1.2269152467856598E-06,1.1650800075078349E-06,6.183523927782485E-08,0.08986250405800796,-0.0002336835809720806,0.003927614068101064,0.020454539853174483,""
MISSING COUNTY,Montana (2024),MISSING COUNTY,185,Other plastics product manufacturing,Induced,4.667337326074099,1.2335816208107808E-05,1.1489700392766182E-05,8.461158153416247E-07,1.0812927199103575,-0.00332349261588545,0.031157476142436195,0.1565685425531697,""
MISSING COUNTY,Montana (2024),MISSING COUNTY,186,Tire manufacturing,Induced,7.706122177853878,1.940619680662645E-05,1.7944610886045392E-05,1.4615859205810566E-06,1.1107113978712624,-0.0026018737653313497,0.15337737710818206,0.16411577080997553,""
MISSING COUNTY,Montana (2024),MISSING COUNTY,187,Rubber and plastics hoses and belting manufacturing,Induced,0.045854807670002745,1.3087544513695867E-07,1.2539480109072494E-07,5.480644046233687E-09,0.00699390785846646,-1.671114893353401E-05,0.0003797558041179682,0.0016511182190888797,""
MISSING COUNTY,Montana (2024),MISSING COUNTY,188,Other rubber product manufacturing,Induced,0.14501662156359887,4.394392657921937E-07,4.227745206455517E-07,1.6664745146641976E-08,0.022932504664195916,-6.852698002966488E-05,0.0012205564784930091,0.0033024451554486403,""
MISSING COUNTY,Montana (2024),MISSING COUNTY,189,"Pottery, ceramics, and plumbing fixture manufacturing",Induced,0.10048017432047088,4.319437284930151E-07,4.319437284930151E-07,0,0.02168536589854875,0,0.0016462938700069266,0.004493521983739626,""
MISSING COUNTY,Montana (2024),MISSING COUNTY,192,Other pressed and blown glass and glassware manufacturing,Induced,2.460327181515177,7.652118219232086E-06,7.031003003504935E-06,6.211152157271506E-07,0.49084336906615383,0.0014985092528117907,0.036557259849974454,0.19020949982807112,""
MISSING COUNTY,Montana (2024),MISSING COUNTY,194,Glass product manufacturing made of purchased glass,Induced,0.3043726670745025,9.197712019956068E-07,8.323330288042091E-07,8.743817319139767E-08,0.06310817103571156,0.00018423528520303395,0.003294979820305838,0.013654672850894545,""
MISSING COUNTY,Montana (2024),MISSING COUNTY,195,Cement manufacturing,Induced,9.111255599601,1.0270380382325408E-05,8.82017810811702E-06,1.4502022742083867E-06,1.1603983455693205,0.003193670040243534,0.14924739548254806,1.4964980040411537,""
MISSING COUNTY,Montana (2024),MISSING COUNTY,196,Ready-mix concrete manufacturing,Induced,26.877035118892305,5.4065379417346355E-05,4.877972765960316E-05,5.285651757743194E-06,4.4425384829707575,0.01091369357201829,0.4047639196784243,1.5600017595137177,""
MISSING COUNTY,Montana (2024),MISSING COUNTY,198,Concrete pipe manufacturing,Induced,2.128691927369875,5.431096900299692E-06,4.801610410319777E-06,6.294864899799141E-07,0.5245549492051043,0.0009239996319843457,0.043739489736807156,0.271776354392555,""
MISSING COUNTY,Montana (2024),MISSING COUNTY,199,Other concrete product manufacturing,Induced,14.91561498490744,4.630866919340652E-05,4.195709337532346E-05,4.351575818083046E-06,3.541931119397898,0.008887401096025425,0.21895105253905162,1.2318695772836519,""
MISSING COUNTY,Montana (2024),MISSING COUNTY,203,Cut stone and stone product manufacturing,Induced,16.449262629600703,7.467632425115647E-05,6.842642036731622E-05,6.249903883840265E-06,5.210412999691767,0.014436813978643942,0.20925657163379568,0.6845246540219634,""
MISSING COUNTY,Montana (2024),MISSING COUNTY,204,Ground or treated mineral and earth manufacturing,Induced,1.5880652685667205,2.1983473614227257E-06,1.7504352434904988E-06,4.479121179322272E-07,0.3250574838952095,0.0012494350324131665,0.022558259012148217,0.2045567715883843,""
MISSING COUNTY,Montana (2024),MISSING COUNTY,205,Mineral wool manufacturing,Induced,2.6924120423214464,4.556061142111096E-06,3.7583234875848435E-06,7.977376545262533E-07,0.5851817576671365,0.0020545455831264227,0.0364376627704806,0.4096618156365993,""
MISSING COUNTY,Montana (2024),MISSING COUNTY,209,Rolled steel shape manufacturing,Induced,0.06656369119926847,3.2215813078334784E-08,3.2215813078334784E-08,0,0.0035314788543016223,0,0.000993980811628227,0.028533470059075017,""
MISSING COUNTY,Montana (2024),MISSING COUNTY,210,Steel wire drawing,Induced,0.019299994620803156,2.1584314803914673E-08,2.1584314803914673E-08,0,0.001897234640046121,0,0.0002614358608519138,0.004405858606152878,""
MISSING COUNTY,Montana (2024),MISSING COUNTY,218,Secondary processing of other nonferrous metals,Induced,0.02307889745564058,1.401757536028301E-08,1.401757536028301E-08,0,0.0015945475137585329,0,0.00026458746301928393,0.007778422897006576,""
MISSING COUNTY,Montana (2024),MISSING COUNTY,219,Ferrous metal foundries,Induced,0.11454950400964407,2.2497724738313618E-07,2.0098941009844596E-07,2.3987837284690203E-08,0.01764313907233024,-2.195111295342945E-06,0.0017028136654763924,0.029041980553528024,""
MISSING COUNTY,Montana (2024),MISSING COUNTY,220,Nonferrous metal foundries,Induced,0.0164841282401359,4.8401828410108435E-08,4.3768378647931765E-08,4.6334497621766705E-09,0.0033204921620160906,-3.659546717223108E-07,0.00022576793929811515,0.003154451787812557,""
MISSING COUNTY,Montana (2024),MISSING COUNTY,222,"Metal crown, closure, and other metal stamping (except automotive)",Induced,0.13107416606763547,4.015815720363786E-07,3.167470442885004E-07,8.483452774787821E-08,0.02796111795086571,0.0016909135357275043,0.0010297397179322293,0.004911478952551935,""
MISSING COUNTY,Montana (2024),MISSING COUNTY,223,Iron and steel forging,Induced,0.0745444130456938,1.6033479074812212E-07,1.247101082603163E-07,3.5624682487805845E-08,0.012888509818421425,0.0007964999492005068,0.0007873269228819502,0.0031262047286671852,""
MISSING COUNTY,Montana (2024),MISSING COUNTY,225,"Cutlery, utensil, pot, and pan manufacturing",Induced,1.3895625509969418,2.351055502870249E-06,1.891674076412467E-06,4.593814264577822E-07,0.20954874506429313,0.014291332236717863,0.01872198996698907,0.13218373294635885,""
MISSING COUNTY,Montana (2024),MISSING COUNTY,226,Handtool manufacturing,Induced,0.8853554583157784,2.6118063335757818E-06,2.2129793715859677E-06,3.988269619898143E-07,0.15316045767745312,0.01033038200277779,0.00934368088866522,0.030296701243212012,""
MISSING COUNTY,Montana (2024),MISSING COUNTY,227,Prefabricated metal buildings and components manufacturing,Induced,0.14925435760238256,2.8272204969551485E-07,2.3408496343443874E-07,4.8637086261076136E-08,0.02287803562317467,0.0014200657974552929,0.0014994277839584192,0.0031810284662905333,""
MISSING COUNTY,Montana (2024),MISSING COUNTY,228,Fabricated structural metal manufacturing,Induced,5.565061556553406,1.0144822233902345E-05,8.619550700407007E-06,1.5252715334953383E-06,0.7615949762409034,0.047811940559071266,0.06430429193088334,0.16703260209644516,""
MISSING COUNTY,Montana (2024),MISSING COUNTY,229,Plate work manufacturing,Induced,3.411882678142041,1.0943476104970661E-05,9.19179141800067E-06,1.7516846869699891E-06,0.8205410327496719,0.05239978151329033,0.043852924520573294,0.06480674851895243,""
MISSING COUNTY,Montana (2024),MISSING COUNTY,230,Metal window and door manufacturing,Induced,0.37540421555418363,9.885915098721851E-07,8.202309364130055E-07,1.6836057345917963E-07,0.07562783145576693,0.004714319650647364,0.0032307739182583523,0.01094755332141975,""
MISSING COUNTY,Montana (2024),MISSING COUNTY,231,Sheet metal work manufacturing,Induced,0.8630114961530958,2.747955278991608E-06,2.341613056132604E-06,4.0634222285900415E-07,0.18187448069566386,0.011646200140721581,0.009281907964459333,0.03528081968859059,""
MISSING COUNTY,Montana (2024),MISSING COUNTY,232,Ornamental and architectural metal work manufacturing,Induced,2.246006126029195,7.982370907383043E-06,6.908070874484802E-06,1.0743000328982405E-06,0.5205224618580357,0.03300937031254986,0.020775528828535412,0.04895041595731031,""
MISSING COUNTY,Montana (2024),MISSING COUNTY,233,Power boiler and heat exchanger manufacturing,Induced,0.00041575127325581057,1.1389820111808593E-09,9.72280330576075E-10,1.6670168060478426E-10,7.855486691298073E-05,3.7223164370252015E-06,4.9221037393388496E-06,1.024862304552517E-05,""
MISSING COUNTY,Montana (2024),MISSING COUNTY,234,Metal tank (heavy gauge) manufacturing,Induced,0.0033070534521134013,9.500680248001366E-09,8.272722078575375E-09,1.2279581694259928E-09,0.0005864779089831444,3.315724499813301E-05,3.5818687532366666E-05,0.0001026235197722662,""
MISSING COUNTY,Montana (2024),MISSING COUNTY,237,Hardware manufacturing,Induced,0.18399967093581432,4.123284539424823E-07,3.461865323970263E-07,6.614192154545604E-08,0.025202320516625645,0.0015624022657473539,0.001869600453314212,0.004033950015506013,""
MISSING COUNTY,Montana (2024),MISSING COUNTY,238,Spring and wire product manufacturing,Induced,0.09916255765789006,3.0469661721333444E-07,2.635022355494222E-07,4.1194381663912217E-08,0.015843189467729682,0.0009259033669313982,0.0009755518666754291,0.0031469689574488663,""
MISSING COUNTY,Montana (2024),MISSING COUNTY,239,Machine shops,Induced,2.1856813430559607,1.1415141822371177E-05,9.83308892619891E-06,1.5820528961722696E-06,0.6664944949096189,0.044011709184951196,0.020260029530376606,0.05627004519062278,""
MISSING COUNTY,Montana (2024),MISSING COUNTY,240,"Turned product and screw, nut, and bolt manufacturing",Induced,1.2141900934497674,3.6505360224637955E-06,2.8761984325586097E-06,7.743375899051856E-07,0.28368152582795686,0.018757298107299047,0.011450879855266414,0.03963666870963518,""
MISSING COUNTY,Montana (2024),MISSING COUNTY,241,Metal heat treating,Induced,0.12014432798826091,4.0830195631900926E-07,3.6385419627887654E-07,4.444776004013276E-08,0.017861581928753128,0.0011129623132723806,0.0011630040779522547,0.002650491004623974,""
MISSING COUNTY,Montana (2024),MISSING COUNTY,242,Metal coating and nonprecious engraving,Induced,0.5913609579076144,1.732170284004396E-06,1.4781213226360198E-06,2.5404896136837586E-07,0.10288957523434486,0.006595997712066749,0.0062733001555574895,0.03557485668809306,""
MISSING COUNTY,Montana (2024),MISSING COUNTY,243,"Electroplating, anodizing, and coloring metal",Induced,0.02535640920936576,1.730808864156465E-07,1.5742293649052483E-07,1.5657949925121683E-08,0.006089542080669525,0.0003772168984742616,0.0002709160976730359,0.00028771968839318634,""
MISSING COUNTY,Montana (2024),MISSING COUNTY,244,"Valve and fittings, other than plumbing, manufacturing",Induced,0.2712575582187979,5.131091188613378E-07,3.375277192191034E-07,1.7558139964223436E-07,0.07588724196180745,0.004798335444946205,0.002254736180897304,0.018173412192922206,""
MISSING COUNTY,Montana (2024),MISSING COUNTY,247,Small arms ammunition manufacturing,Induced,0.9362091112822097,2.291552673364702E-06,2.087813761909606E-06,2.037389114550965E-07,0.10818301057817079,0.00580320415391073,0.07126069437303986,0.040664282132587486,""
MISSING COUNTY,Montana (2024),MISSING COUNTY,249,"Small arms, ordnance, and accessories manufacturing",Induced,2.099714397818708,3.991380314680148E-06,3.4349231806955557E-06,5.564571339845925E-07,0.2706013066617945,0.01971591181046928,0.05135876535235204,0.05358371380643272,""
MISSING COUNTY,Montana (2024),MISSING COUNTY,250,Fabricated pipe and pipe fitting manufacturing,Induced,0.139069714655102,3.502721185897592E-07,2.496710864046107E-07,1.0060103218514847E-07,0.04833923770384791,0.0029607645709505337,0.001131577216302387,0.00922589443739372,""
MISSING COUNTY,Montana (2024),MISSING COUNTY,251,Other fabricated metal manufacturing,Induced,3.3776029606751665,1.0079024216294398E-05,8.306091790695717E-06,1.772932425598683E-06,0.6918489827772513,0.04652602429018622,0.03451740169095325,0.1083120904297794,""
MISSING COUNTY,Montana (2024),MISSING COUNTY,252,Farm machinery and equipment manufacturing,Induced,0.0842497259986391,1.193197860070695E-07,1.0798917749166E-07,1.133060851540951E-08,0.008553147480082362,0.00023726308836810275,0.0008155319777672979,0.00900022987119574,""
MISSING COUNTY,Montana (2024),MISSING COUNTY,254,Construction machinery manufacturing,Induced,0.6534343167238778,8.482709147717465E-07,7.437042715681526E-07,1.0456664320359386E-07,0.07621889087006181,0.0017445549323402362,0.006777780407761164,0.06466644782375987,""
MISSING COUNTY,Montana (2024),MISSING COUNTY,255,Mining machinery and equipment manufacturing,Induced,0.005738109580637558,1.3079519817797206E-08,1.2273759752737875E-08,8.057600650593296E-10,0.0009984709734864837,2.093056257948832E-05,4.8070784374609296E-05,0.0001794462204702724,""
MISSING COUNTY,Montana (2024),MISSING COUNTY,256,Oil and gas field machinery and equipment manufacturing,Induced,0.01450109909200289,2.67914243190491E-08,2.5391067272485573E-08,1.4003570465635267E-09,0.0027094550968087693,2.2349696384290266E-05,0.00017362403379340426,0.0006964913025507306,""
MISSING COUNTY,Montana (2024),MISSING COUNTY,257,Semiconductor machinery manufacturing,Induced,0.3939908286659965,7.280112076928545E-07,6.428089627052679E-07,8.520224498758673E-08,0.09410670181602823,0.0026469432423279478,0.0027280826861882895,0.05058527287969649,""
MISSING COUNTY,Montana (2024),MISSING COUNTY,259,"Sawmill, woodworking, and paper machinery",Induced,0.0074658144966014,2.2208848665632955E-08,2.0623847238361395E-08,1.5850014272715625E-09,0.0013036082218058338,2.9769409659737447E-05,1.205109314673103E-05,-0.0018323099612835634,""
MISSING COUNTY,Montana (2024),MISSING COUNTY,260,All other industrial machinery manufacturing,Induced,0.000907836987776192,2.636145588589874E-09,2.405812853319873E-09,2.3033273527000114E-10,0.00023964728059440473,4.388718662045127E-06,7.553113550258484E-06,7.54745800810786E-05,""
MISSING COUNTY,Montana (2024),MISSING COUNTY,261,Commercial and service industry machinery manufacturing,Induced,0.0078000862727954255,1.854017967998899E-08,1.700286974971151E-08,1.5373099302774817E-09,0.0016341087630043947,2.5835713376397806E-05,5.9892239047192457E-05,0.0006018550878982645,""
MISSING COUNTY,Montana (2024),MISSING COUNTY,263,Heating equipment (except warm air furnaces) manufacturing,Induced,0.26776699660725956,7.496517457385963E-07,7.075416286681132E-07,4.211011707048312E-08,0.04010729864253063,0.0007578980145844221,0.002880696478171203,0.02052644528648817,""
MISSING COUNTY,Montana (2024),MISSING COUNTY,267,Cutting tool and machine tool accessory manufacturing,Induced,0.07269776446317905,3.17276452265838E-07,2.9552665647183885E-07,2.174979579399913E-08,0.017171381092329845,0.00040076686107872464,0.0006710769405225168,0.0015000018230593055,""
MISSING COUNTY,Montana (2024),MISSING COUNTY,268,Machine tool manufacturing,Induced,0.008272987449246412,2.996465401726524E-08,2.8364941515157922E-08,1.599712502107315E-09,0.001373265445565558,2.8453201701104973E-05,7.272746893352439E-05,0.00042766744028366387,""
MISSING COUNTY,Montana (2024),MISSING COUNTY,272,Mechanical power transmission equipment manufacturing,Induced,0.009369096260416095,2.741339140287636E-08,2.5335574611064298E-08,2.077816791812061E-09,0.0019796527536140958,3.132581128442846E-05,7.495268674512588E-05,0.0008036443095375381,""
MISSING COUNTY,Montana (2024),MISSING COUNTY,273,Other engine equipment manufacturing,Induced,0.006096658731121902,6.514634323436112E-09,5.589129681034122E-09,9.255046424019906E-10,0.0006190417334319442,1.805305677640637E-05,5.98714681621931E-05,0.00021418627664346036,""
MISSING COUNTY,Montana (2024),MISSING COUNTY,274,"Measuring, dispensing, and other pumping equipment manufacturing",Induced,0.026487832983942205,4.979942432673767E-08,4.529511968186534E-08,4.504304644872348E-09,0.004355919471214184,7.67764163930903E-05,0.00026729830711821873,0.002366330102846874,""
MISSING COUNTY,Montana (2024),MISSING COUNTY,275,Air and gas compressor manufacturing,Induced,0.0011717135256466384,2.2175879903562166E-09,2.0218023088758503E-09,1.9578568148036597E-10,0.00021454902985417485,2.898890836490415E-06,1.0520670543556924E-05,6.166758069616686E-05,""
MISSING COUNTY,Montana (2024),MISSING COUNTY,278,"Overhead cranes, hoists, and monorail systems manufacturing",Induced,0.006606946701883923,1.2146018803143928E-08,1.1046413748799636E-08,1.0996050543442907E-09,0.0010615533964987676,1.9349524857889735E-05,8.318231644873811E-05,0.0008446821422136213,""
MISSING COUNTY,Montana (2024),MISSING COUNTY,279,"Industrial truck, trailer, and stacker manufacturing",Induced,0.008278848425273863,1.681363152116671E-08,1.5253183458565188E-08,1.5604480626015194E-09,0.0014186363273243731,2.8381552719772737E-05,7.21320444079048E-05,0.0005700447378001544,""
MISSING COUNTY,Montana (2024),MISSING COUNTY,281,Welding and soldering equipment manufacturing,Induced,0.0002186315635582796,3.723236612916285E-10,3.723236612916285E-10,0,7.224801561634412E-05,0,1.7099351647617647E-06,3.002523855561737E-05,""
MISSING COUNTY,Montana (2024),MISSING COUNTY,282,Packaging machinery manufacturing,Induced,0.0004412935603413911,1.2512423683132509E-09,1.1634100571221124E-09,8.783231119113881E-11,7.621266018877844E-05,1.5861679253116047E-06,4.018905906402427E-06,2.0516699176317413E-05,""
MISSING COUNTY,Montana (2024),MISSING COUNTY,284,Fluid power cylinder and actuator manufacturing,Induced,0.00020737457886692209,4.910688627552133E-10,4.1714492880074513E-10,7.39239339544682E-11,6.80266944059808E-05,1.7570894126033987E-06,1.6629644362378773E-06,1.337028395984407E-05,""
MISSING COUNTY,Montana (2024),MISSING COUNTY,286,"Scales, balances, and miscellaneous general purpose machinery manufacturing",Induced,0.0035262915330081033,1.1430067275392876E-08,1.065091541887964E-08,7.79151856513237E-10,0.0007268132327697805,1.4344097855230672E-05,3.285825791055947E-05,0.00015904886375144446,""
MISSING COUNTY,Montana (2024),MISSING COUNTY,287,Electronic computer manufacturing,Induced,0.0075579120965801935,4.131229959184117E-09,4.131229959184117E-09,0,0.00064291608601961,0,0.00011207427437644295,0.0007831089312679797,""
MISSING COUNTY,Montana (2024),MISSING COUNTY,288,Computer storage device manufacturing,Induced,0.0009989301304152787,1.1067544616349987E-09,1.1067544616349987E-09,0,0.0002710369405995327,0,1.0321155356210421E-05,0.00014049928936696996,""
MISSING COUNTY,Montana (2024),MISSING COUNTY,289,Computer terminals and other computer peripheral equipment manufacturing,Induced,0.001361042593712134,2.315683333502146E-09,2.315683333502146E-09,0,0.0001812307725900619,0,2.537923304888017E-05,0.00013763579000083978,""
MISSING COUNTY,Montana (2024),MISSING COUNTY,290,Telephone apparatus manufacturing,Induced,0.010001111631038716,1.5111075826585254E-08,1.4437374370581769E-08,6.737014560034863E-10,0.001699645571260053,-6.674550092689968E-08,0.0001622484825769289,0.0010010658979657898,""
MISSING COUNTY,Montana (2024),MISSING COUNTY,291,Broadcast and wireless communications equipment manufacturing,Induced,0.03974024650153207,6.410240970206022E-08,6.207086208257478E-08,2.031547619485432E-09,0.005907797956920716,-2.497718611506898E-07,0.0005498177788224319,0.004582472346037929,""
MISSING COUNTY,Montana (2024),MISSING COUNTY,292,Other communications equipment manufacturing,Induced,0.001342912108721563,2.4248745208338146E-09,1.3572383669889788E-09,1.0676361538448358E-09,0.00025386524267466393,2.9611042430859734E-05,5.893529047997733E-06,0.0002476343923188845,""
MISSING COUNTY,Montana (2024),MISSING COUNTY,293,Audio and video equipment manufacturing,Induced,0.005619817575363779,9.95755637444011E-09,9.95755637444011E-09,0,0.00047999995046812906,0,9.390699926913244E-05,0.0003265307641398085,""
MISSING COUNTY,Montana (2024),MISSING COUNTY,294,Printed circuit assembly (electronic assembly) manufacturing,Induced,0.0013789476382931186,2.3149064043515097E-09,2.3149064043515097E-09,0,0.00016714981210588366,0,1.6221631048505876E-05,0.0002497760509903513,""
MISSING COUNTY,Montana (2024),MISSING COUNTY,296,Semiconductor and related device manufacturing,Induced,0.04087648352562383,4.1111696991006056E-08,3.7925298316946646E-08,3.1863986740594056E-09,0.005379259811439519,-1.1011432544261017E-07,0.0006776857933721201,0.0032223466343235256,""
MISSING COUNTY,Montana (2024),MISSING COUNTY,298,Electronic connector manufacturing,Induced,0.0026019075702489835,5.065471641761572E-09,5.065471641761572E-09,0,0.0004766959174664192,0,3.464964551748921E-05,0.0003248225617447056,""
MISSING COUNTY,Montana (2024),MISSING COUNTY,299,Other electronic component manufacturing,Induced,0.021648252777155028,5.383704862265903E-08,5.169306144063933E-08,2.1439871820197095E-09,0.006071775653452413,-1.3118443092175702E-07,0.00025896884002524705,0.0031372359393008445,""
MISSING COUNTY,Montana (2024),MISSING COUNTY,300,Electromedical and electrotherapeutic apparatus manufacturing,Induced,0.0058991966192037575,1.2103215963097607E-08,1.144394348912288E-08,6.592724739747289E-10,0.0014771809927647845,-2.5433859601698228E-08,9.711578416491426E-05,0.000481260479454381,""
MISSING COUNTY,Montana (2024),MISSING COUNTY,301,"Search, detection, and navigation instruments manufacturing",Induced,0.000426795028230927,7.094970938675258E-10,6.757195827783583E-10,3.3777511089167494E-11,0.00010037400949928216,-4.298471386938212E-09,4.685066383124334E-06,7.143224909068355E-05,""
MISSING COUNTY,Montana (2024),MISSING COUNTY,302,Automatic environmental control manufacturing,Induced,0.0006155976502886584,1.5618969665628663E-09,1.5618969665628663E-09,0,0.00022723654452613866,0,7.353644935064193E-06,0.00010177129073777684,""
MISSING COUNTY,Montana (2024),MISSING COUNTY,303,Industrial process variable instruments manufacturing,Induced,0.0031376543551933445,8.284971939874495E-09,8.108084368531286E-09,1.7688757134320987E-10,0.0006377541721755473,-1.8689602224916943E-08,4.707453615269839E-05,0.00045165406647449074,""
MISSING COUNTY,Montana (2024),MISSING COUNTY,304,Totalizing fluid meter and counting device manufacturing,Induced,0.0008223114034480128,1.2501792971224844E-09,1.2501792971224844E-09,0,0.0001986027631577503,0,1.2250045454717792E-05,0.00012661468394716495,""
MISSING COUNTY,Montana (2024),MISSING COUNTY,305,Electricity and signal testing instruments manufacturing,Induced,0.00013724679347856824,2.293627651980673E-10,2.115927336117607E-10,1.7770031586306567E-11,4.174532949546759E-05,-7.117490280573719E-10,1.6148488270468066E-06,1.6413677443213282E-05,""
MISSING COUNTY,Montana (2024),MISSING COUNTY,306,Analytical laboratory instrument manufacturing,Induced,0.020402713671801853,4.228894637272947E-08,4.019128526664827E-08,2.097661106081193E-09,0.005362675972624001,-1.1578686176006366E-07,0.0002413242235682112,0.002509192050551257,""
MISSING COUNTY,Montana (2024),MISSING COUNTY,308,"Watch, clock, and other measuring and controlling device manufacturing",Induced,0.14898142092489122,2.7183443924383964E-07,2.584333631458483E-07,1.3401076097991332E-08,0.027173487263442254,-1.562211858094716E-06,0.002269042973332798,0.009213725162322495,""
MISSING COUNTY,Montana (2024),MISSING COUNTY,309,Manufacturing and reproducing magnetic and optical media,Induced,0.3667844316315096,5.00522887054483E-07,5.00522887054483E-07,0,0.0556726822199131,0,0.005577683686517769,0.03962832918572171,""
MISSING COUNTY,Montana (2024),MISSING COUNTY,311,Lighting fixture manufacturing,Induced,0.010012322745052918,2.9478969043715194E-08,2.0190849041364404E-08,9.288120002350788E-09,0.001267165845945721,1.0731275249537968E-05,8.300716507857725E-05,-4.66859137251509E-05,""
MISSING COUNTY,Montana (2024),MISSING COUNTY,314,"Power, distribution, and specialty transformer manufacturing",Induced,2.743575921421976E-05,8.145272385748317E-11,3.5984262007219716E-11,4.546846185026346E-11,4.913730764103668E-06,5.357911795554603E-08,1.8506366637962127E-07,-2.3642520854996331E-07,""
MISSING COUNTY,Montana (2024),MISSING COUNTY,315,Motor and generator manufacturing,Induced,0.0004907935868858269,9.750692839659835E-10,3.581780408345981E-10,6.168912431313853E-10,7.296963305586677E-05,9.829110217788947E-07,3.3822833128415355E-06,-2.855747658448857E-06,""
MISSING COUNTY,Montana (2024),MISSING COUNTY,316,Switchgear and switchboard apparatus manufacturing,Induced,0.00033313390106096184,7.911832813211645E-10,3.458030582586838E-10,4.4538022306248057E-10,5.355085283759634E-05,5.702754578683826E-07,2.7230019163047737E-06,-2.0741453752621755E-06,""
MISSING COUNTY,Montana (2024),MISSING COUNTY,318,Battery manufacturing,Induced,0.8235368225048385,1.4330562633476333E-06,7.174502387996725E-07,7.156060245479608E-07,0.07069477864235606,0.0009045844475713452,-0.0016694784204735395,-0.003096753032911186,""
MISSING COUNTY,Montana (2024),MISSING COUNTY,320,Other communication and energy wire manufacturing,Induced,0.00955025161614887,1.4417724997925188E-08,9.06367374096659E-09,5.354051256958599E-09,0.000779893946113357,6.673914947446128E-06,6.367360996920007E-05,-5.116340657258562E-05,""
MISSING COUNTY,Montana (2024),MISSING COUNTY,321,Wiring device manufacturing,Induced,0.23267380818726968,5.518996049376166E-07,3.256802000458823E-07,2.2621940489173416E-07,0.02747853823707377,0.00022727152910931853,0.001447387052891571,-0.0016683387274815263,""
MISSING COUNTY,Montana (2024),MISSING COUNTY,323,All other miscellaneous electrical equipment and component manufacturing,Induced,0.009896444176643536,2.335462510399043E-08,1.3452561335129827E-08,9.9020637688606E-09,0.001608342130745209,1.3579886589224487E-05,5.632574177296712E-05,-4.230789999594817E-05,""
MISSING COUNTY,Montana (2024),MISSING COUNTY,324,Automobile and light duty motor vehicle manufacturing,Induced,0.13789639410064652,6.459832526460709E-08,6.459832526460709E-08,0,0.008769650202871548,0,0.0025042110073142643,0.00588029700703511,""
MISSING COUNTY,Montana (2024),MISSING COUNTY,326,Motor vehicle body manufacturing,Induced,0.07169023317416999,1.582375315361549E-07,1.5447799929122352E-07,3.759532244931361E-09,0.012745394072054828,-3.143075527920376E-05,0.0006992542061730567,0.0009733738134423299,""
MISSING COUNTY,Montana (2024),MISSING COUNTY,327,Truck trailer manufacturing,Induced,0.015893230665769798,3.4783191726276085E-08,3.420065015371922E-08,5.825415725568697E-10,0.0025038489473494,-5.618362510973718E-06,0.00014595480021547202,0.00021589032182879622,""
MISSING COUNTY,Montana (2024),MISSING COUNTY,328,Motor home manufacturing,Induced,36.800734552931125,7.149079292323053E-05,6.958685918939317E-05,1.9039337338373672E-06,4.90861039953418,-0.012717812214509702,0.3589740065845635,0.5215439511056004,""
MISSING COUNTY,Montana (2024),MISSING COUNTY,329,Travel trailer and camper manufacturing,Induced,30.484788683172535,7.072357668563374E-05,6.947999131514572E-05,1.2435853704880254E-06,5.168308841184085,-0.013917371478775283,0.2911986125772262,0.7318442200381615,""
MISSING COUNTY,Montana (2024),MISSING COUNTY,330,Motor vehicle gasoline engine and engine parts manufacturing,Induced,0.12960725673017628,1.583507401695584E-07,1.5152054495425984E-07,6.830195215298539E-09,0.016713251661271213,-3.935658798202669E-05,0.001331879421194474,0.0022168875668560684,""
MISSING COUNTY,Montana (2024),MISSING COUNTY,331,Motor vehicle electrical and electronic equipment manufacturing,Induced,2.407964588113564,4.003821731404304E-06,3.8554996590761545E-06,1.4832207232814913E-07,0.38913703837845315,-0.0010900263468144016,0.02902154185474133,0.046773297877311076,""
MISSING COUNTY,Montana (2024),MISSING COUNTY,332,Motor vehicle transmission and power train parts manufacturing,Induced,0.021687959690129214,2.963089388751345E-08,2.963089388751345E-08,0,0.0031549376327327217,0,0.00023647819326191465,0.0005695743267013217,""
MISSING COUNTY,Montana (2024),MISSING COUNTY,333,Motor vehicle seating and interior trim manufacturing,Induced,0.056645111288193696,1.1262243551196218E-07,1.0916710883004701E-07,3.4553266819151543E-09,0.008264367982802414,-1.8952019770353764E-05,0.0006603021058903553,0.0009440544377316326,""
MISSING COUNTY,Montana (2024),MISSING COUNTY,335,Other motor vehicle parts manufacturing,Induced,1.3481388923230342,2.49050300138874E-06,2.432694393414319E-06,5.780860797442115E-08,0.14651542334040338,-0.00035609770107828434,0.017969718491973867,0.02230116894847781,""
MISSING COUNTY,Montana (2024),MISSING COUNTY,337,Aircraft manufacturing,Induced,0.0019633095696337515,4.8399524515400635E-09,4.032464711407616E-09,8.074877401324481E-10,0.0002872863749559282,-1.695452753566905E-08,3.666447130533724E-05,7.427416280471882E-05,""
MISSING COUNTY,Montana (2024),MISSING COUNTY,338,Aircraft engine and engine parts manufacturing,Induced,6.389874486952444E-06,8.896955434398533E-12,8.896955434398533E-12,0,1.6877780984299464E-06,0,8.116741221494599E-08,2.9379010997972326E-07,""
MISSING COUNTY,Montana (2024),MISSING COUNTY,339,Other aircraft parts and auxiliary equipment manufacturing,Induced,0.01621985005452101,4.752144679411137E-08,3.791664130055616E-08,9.604805493555217E-09,0.005584983100581826,-5.110307195237323E-06,0.00018808924524144746,0.0006889132150022417,""
MISSING COUNTY,Montana (2024),MISSING COUNTY,340,Guided missile and space vehicle manufacturing,Induced,0.00015798237831108236,2.3214476298295494E-10,2.3214476298295494E-10,0,5.59596172754255E-05,0,2.9673228026932087E-06,1.3453620118090773E-05,""
MISSING COUNTY,Montana (2024),MISSING COUNTY,341,Propulsion units and parts for space vehicles and guided missiles manufacturing,Induced,4.2423302902908346E-05,8.152874774854632E-11,8.152874774854632E-11,0,1.571221674764559E-05,0,7.287519636890601E-07,-3.9605408685704666E-06,""
MISSING COUNTY,Montana (2024),MISSING COUNTY,342,Railroad rolling stock manufacturing,Induced,0.00013615947000549826,2.733218026015082E-10,2.733218026015082E-10,0,3.495821022610753E-05,0,1.897614137220908E-06,5.224507458485547E-07,""
MISSING COUNTY,Montana (2024),MISSING COUNTY,343,Ship building and repairing,Induced,0.03920905241247815,1.4836945223506998E-07,1.2497837160979277E-07,2.3391080625277223E-08,0.010582898638035807,-6.844263114799029E-06,0.000442705656622505,0.0011475296729006933,""
MISSING COUNTY,Montana (2024),MISSING COUNTY,344,Boat building,Induced,1.7546343671193094,5.0404208280738255E-06,5.0404208280738255E-06,0,0.22652597720086495,0,0.03293410031275799,0.012728991183994114,""
MISSING COUNTY,Montana (2024),MISSING COUNTY,345,"Motorcycle, bicycle, and parts manufacturing",Induced,0.07781802956639183,2.1215760930060913E-07,2.1215760930060913E-07,0,0.01534590236694562,0,0.001269157486893555,0.006293097452891826,""
MISSING COUNTY,Montana (2024),MISSING COUNTY,347,All other transportation equipment manufacturing,Induced,0.6460779869279265,9.861035694445041E-07,8.876893503198637E-07,9.841421912464043E-08,0.0875738607182374,-6.481511179697727E-05,0.011063452453768961,0.02915404271800481,""
MISSING COUNTY,Montana (2024),MISSING COUNTY,348,Wood kitchen cabinet and countertop manufacturing,Induced,2.442771723436993,1.1610674062573777E-05,8.740008159174243E-06,2.8706659033995344E-06,0.6719882622511959,0.09816583458965897,0.01463104873147361,0.09427880689638651,""
MISSING COUNTY,Montana (2024),MISSING COUNTY,349,Upholstered household furniture manufacturing,Induced,0.17394334764746883,8.036533973856905E-07,5.754965079414536E-07,2.2815688944423685E-07,0.03472649001633509,0.006782610677143289,0.0014478330452585414,0.003542433160204915,""
MISSING COUNTY,Montana (2024),MISSING COUNTY,350,Nonupholstered wood household furniture manufacturing,Induced,1.7359617989822247,8.234287963142924E-06,6.5155960903678E-06,1.7186918727751225E-06,0.4157118963579348,0.04903949288927313,0.009650763149026463,0.05227621069505154,""
MISSING COUNTY,Montana (2024),MISSING COUNTY,351,Other household nonupholstered furniture manufacturing,Induced,0.1816568007332768,5.553534108696283E-07,4.2780291283823104E-07,1.2755049803139732E-07,0.026836488465673627,0.003298807136994998,0.0013853443235791246,0.0027552647318901595,""
MISSING COUNTY,Montana (2024),MISSING COUNTY,352,Institutional furniture manufacturing,Induced,0.007367102896451149,2.9668589986883166E-08,2.111871682429895E-08,8.549873162584214E-09,0.0016944025701047473,0.0002640122223840128,5.2667814984280056E-05,0.00021056630762470748,""
MISSING COUNTY,Montana (2024),MISSING COUNTY,353,Wood office furniture manufacturing,Induced,0.001367379781706163,5.3909368007696575E-09,3.965651103063384E-09,1.425285697706273E-09,0.00022420511399489238,5.3606064097091256E-05,1.3179968807584588E-05,4.52675288311056E-05,""
MISSING COUNTY,Montana (2024),MISSING COUNTY,354,Custom architectural woodwork and millwork,Induced,0.08954964088707254,4.170924177975583E-07,3.201668492223026E-07,9.692556857525569E-08,0.023887334560842362,0.003422462716240619,0.0003818265746219746,-0.01313844725313001,""
MISSING COUNTY,Montana (2024),MISSING COUNTY,356,"Showcase, partition, shelving, and locker manufacturing",Induced,0.044057749824248434,1.451039085247657E-07,1.0559716663488339E-07,3.9506741889882304E-08,0.008142142876806773,0.0014634028077290325,0.0003163556474283161,0.001999561605550703,""
MISSING COUNTY,Montana (2024),MISSING COUNTY,357,Mattress manufacturing,Induced,0.21427897721904762,5.385822528099406E-07,4.2518823691110285E-07,1.1339401589883782E-07,0.025799804400588384,0.004260538937168791,0.0016269821466958466,0.009570205623661433,""
MISSING COUNTY,Montana (2024),MISSING COUNTY,359,Surgical and medical instrument manufacturing,Induced,0.16284423691543062,5.332045346158262E-07,2.811193868853946E-07,2.520851477304316E-07,0.042016518862863936,0.005463697540392986,0.0014854456234707667,0.018603116525843767,""
MISSING COUNTY,Montana (2024),MISSING COUNTY,360,Surgical appliance and supplies manufacturing,Induced,0.38029761229693915,1.2448121918893609E-06,9.013850461614142E-07,3.434271457279467E-07,0.06183731896276455,0.005239454138924979,0.004365806853054347,0.0336675432171783,""
MISSING COUNTY,Montana (2024),MISSING COUNTY,361,Dental equipment and supplies manufacturing,Induced,0.0809456225769296,2.83944201957657E-07,2.04817082532696E-07,7.9127119424961E-08,0.016340571423926132,0.0017368640787705043,0.0008215291412079466,0.006641642361021622,""
MISSING COUNTY,Montana (2024),MISSING COUNTY,362,Ophthalmic goods manufacturing,Induced,0.04163471652129899,1.2158673986597633E-07,6.25981104915942E-08,5.898862937438215E-08,0.012388607625071104,0.0011910629352642015,0.00035670260310562027,0.00814215579460144,""
MISSING COUNTY,Montana (2024),MISSING COUNTY,363,Dental laboratories,Induced,0.2739058734435021,2.1159489310684035E-06,1.5555046736327453E-06,5.604442574356582E-07,0.12086608668273402,0.011448834086833157,0.002428440050917412,0.002344868076351262,""
MISSING COUNTY,Montana (2024),MISSING COUNTY,364,Jewelry and silverware manufacturing,Induced,15.01960711292082,5.3797575191255194E-05,3.976164909725118E-05,1.4035926094004013E-05,2.647158232918559,0.2232594053665382,0.1659610989621471,1.507438369734167,""
MISSING COUNTY,Montana (2024),MISSING COUNTY,365,Sporting and athletic goods manufacturing,Induced,3.471639944180271,1.0763884443932753E-05,7.122380324206238E-06,3.6415041197265133E-06,0.7130863083001403,0.06244891172220587,0.05982254543683573,0.30651513850269846,""
MISSING COUNTY,Montana (2024),MISSING COUNTY,366,"Doll, toy, and game manufacturing",Induced,1.2340900409338775,2.5984822018705435E-06,1.6035049413792372E-06,9.949772604913059E-07,0.20441979173890168,0.021205390033798163,0.007921844549155172,0.2746756990527046,""
MISSING COUNTY,Montana (2024),MISSING COUNTY,367,Office supplies (except paper) manufacturing,Induced,2.3001469903123284,6.53696322774188E-06,4.661983544011624E-06,1.874979683730256E-06,0.36063024496825413,0.02451465391757516,0.020998985293261496,0.11242309931218812,""
MISSING COUNTY,Montana (2024),MISSING COUNTY,368,Sign manufacturing,Induced,10.969439799560297,6.351575891835454E-05,4.692653167591876E-05,1.6589227242435786E-05,3.633480908870947,0.2834770212785934,0.09992502828326076,0.013834908729785477,""
MISSING COUNTY,Montana (2024),MISSING COUNTY,369,"Gasket, packing, and sealing device manufacturing",Induced,1.6533103238747855,7.707067887054305E-06,5.471193253137284E-06,2.235874633917022E-06,0.41096314042572724,0.02922225123831342,0.0161678237815059,0.08571876037966165,""
MISSING COUNTY,Montana (2024),MISSING COUNTY,370,Musical instrument manufacturing,Induced,3.921313127840621,2.123979310796648E-05,1.4598181481847079E-05,6.641611626119401E-06,1.3545048494145895,0.11577739811925218,0.022793864974425967,-0.05986950664047526,""
MISSING COUNTY,Montana (2024),MISSING COUNTY,374,All other miscellaneous manufacturing,Induced,8.72003733848408,2.6529736146955554E-05,1.8928610779622563E-05,7.601125367332993E-06,1.512047044861445,0.14065517155865276,0.0758954368021367,0.5664773310901556,""
MISSING COUNTY,Montana (2024),MISSING COUNTY,375,Wholesale - Motor vehicle and motor vehicle parts and supplies,Induced,443.0827279110376,0.0008194930152454279,0.0007213932136254257,9.809980162000227E-05,71.77390087508952,5.489685301928277,10.796435157054583,110.04981489585235,""
MISSING COUNTY,Montana (2024),MISSING COUNTY,376,Wholesale - Professional and commercial equipment and supplies,Induced,651.4074579405453,0.0020939924155772027,0.0017146115811277332,0.00037938083444946955,287.75552210637926,21.336134770916335,13.521688073672518,46.08067369798883,""
MISSING COUNTY,Montana (2024),MISSING COUNTY,377,Wholesale - Household appliances and electrical and electronic goods,Induced,461.9396608907345,0.0005587827127924764,0.00046932420801079546,8.945850478168089E-05,70.33191736560666,5.170309124648404,8.925348015775855,125.63060635513264,""
MISSING COUNTY,Montana (2024),MISSING COUNTY,378,"Wholesale - Machinery, equipment, and supplies",Induced,270.1324583759763,0.0008317821138430857,0.0007256628849954354,0.00010611922884765027,81.32177603240707,5.789364828816375,7.955383196043582,48.003433943462085,""
MISSING COUNTY,Montana (2024),MISSING COUNTY,379,Wholesale - Other durable goods merchant wholesalers,Induced,801.0399796886868,0.0023776508702407894,0.002094060904530417,0.00028358996571037224,219.13972264053857,16.2608570729339,26.809755375324887,129.68230573460312,""
MISSING COUNTY,Montana (2024),MISSING COUNTY,380,Wholesale - Drugs and druggists’ sundries,Induced,617.5473708056327,0.0005485631244333907,0.00042103010206021,0.0001275330223731807,103.69554273994414,7.461288425633818,5.667120624783832,184.1884090090508,""
MISSING COUNTY,Montana (2024),MISSING COUNTY,381,Wholesale - Grocery and related product wholesalers,Induced,981.5113168610387,0.0035425628338409537,0.0032064670036674884,0.0003360958301734658,272.157721329825,19.676738238896846,9.94308201775215,168.70166089028294,""
MISSING COUNTY,Montana (2024),MISSING COUNTY,382,Wholesale - Petroleum and petroleum products,Induced,744.3307069647482,0.0006870292697286173,0.0006053082463190186,8.172102340959861E-05,58.874399239464466,5.034590197266876,429.7668022237803,124.05398956622878,""
MISSING COUNTY,Montana (2024),MISSING COUNTY,383,Wholesale - Other nondurable goods merchant wholesalers,Induced,1760.7264588412822,0.004725585929455288,0.004270870443333383,0.0004547154861219047,359.10247299117384,25.69145786655576,104.6625959072479,349.6085972373897,""
MISSING COUNTY,Montana (2024),MISSING COUNTY,384,Wholesale - Wholesale electronic markets and agents and brokers,Induced,61.91134950113114,0.0008715321675964643,0.0007497414417436742,0.0001217907258527901,92.50866419575068,7.4532384699886585,0.2625380255613735,-72.64390209387463,""
MISSING COUNTY,Montana (2024),MISSING COUNTY,385,Retail - Motor vehicle and parts dealers,Induced,2873.436874228221,0.015862317572683367,0.013748099878557418,0.0021142176941259462,1119.998868343726,90.4352041797503,60.98061097613158,757.2855761552695,""
MISSING COUNTY,Montana (2024),MISSING COUNTY,386,Retail - Furniture and home furnishings stores,Induced,632.0747952647065,0.005045829731133162,0.003324353696137018,0.0017214760349961442,233.25269998891784,17.24477793851256,13.808962992096603,323.8086138639853,""
MISSING COUNTY,Montana (2024),MISSING COUNTY,387,Retail - Electronics and appliance stores,Induced,179.67242986185252,0.003614900552031641,0.0021596592661081585,0.0014552412859234827,162.90063176921106,11.63397266617598,5.179846527803888,-13.09041271041473,""
MISSING COUNTY,Montana (2024),MISSING COUNTY,388,Retail - Building material and garden equipment and supplies stores,Induced,863.5711566043423,0.006539713144073575,0.0057106445387714,0.000829068605302175,366.22643167955437,14.152333766124588,20.275841664423172,365.4593624034136,""
MISSING COUNTY,Montana (2024),MISSING COUNTY,389,Retail - Food and beverage stores,Induced,2429.98307404975,0.02348137767502042,0.021223225907687722,0.002258151767332697,1016.9723401061212,126.47588857652558,33.48387987997689,596.1832493488474,""
MISSING COUNTY,Montana (2024),MISSING COUNTY,390,Retail - Health and personal care stores,Induced,937.0135045143388,0.008750077559235464,0.005467850541821785,0.0032822270174136785,364.8150016377654,41.36252095915062,12.70776773708284,290.67787981918167,""
MISSING COUNTY,Montana (2024),MISSING COUNTY,391,Retail - Gasoline stores,Induced,882.4531924400582,0.0077882794786649934,0.006956747868329258,0.0008315316103357359,298.2558092688006,80.85610166080195,17.56371876972625,161.04114173229055,""
MISSING COUNTY,Montana (2024),MISSING COUNTY,392,Retail - Clothing and clothing accessories stores,Induced,842.3534304172751,0.008148483721993791,0.005405976757609918,0.0027425069643838727,199.1535995827094,30.729307406948543,17.828768340165972,162.50219157560775,""
MISSING COUNTY,Montana (2024),MISSING COUNTY,393,"Retail - Sporting goods, hobby, musical instrument and book stores",Induced,446.95976487037046,0.007520695361687356,0.004842428652942134,0.002678266708745223,190.1772231197302,19.238511109340738,8.40468464471167,132.79868735999912,""
MISSING COUNTY,Montana (2024),MISSING COUNTY,394,Retail - General merchandise stores,Induced,1781.0775539560243,0.0206361974369729,0.018968604300448683,0.0016675931365242181,962.431414347447,21.367274850788924,-54.84902765971988,266.78476138740945,""
MISSING COUNTY,Montana (2024),MISSING COUNTY,395,Retail - Miscellaneous store retailers,Induced,950.54128954389,0.012184463773573007,0.006589052009317146,0.005595411764255863,300.2037279693904,289.11426898149705,11.017055783076431,4.0022243390746866,""
MISSING COUNTY,Montana (2024),MISSING COUNTY,396,Air transportation,Induced,1006.8013202686767,0.0015849222435504744,0.0012635424629173328,0.0003213797806331417,124.31227660199234,204.72178347705108,80.14545761452842,175.11994571046733,""
MISSING COUNTY,Montana (2024),MISSING COUNTY,397,Rail transportation,Induced,145.89524915878286,0.00024313161319355886,0.00024300502463860696,1.2658855495193606E-07,33.51085172310578,-2.1471494022158124,1.4028185907857187,63.837919112070615,""
MISSING COUNTY,Montana (2024),MISSING COUNTY,398,Water transportation,Induced,16.60305570303815,2.6662973551614735E-05,0,2.6662973551614735E-05,0,-2.189652868841906,0.048730198197552255,0,""
MISSING COUNTY,Montana (2024),MISSING COUNTY,399,Truck transportation,Induced,1180.4253281915135,0.004994344236529041,0.003391189897349991,0.0016031543391790497,312.93408541286925,128.74409265405208,23.33578176997726,149.70281117868606,""
MISSING COUNTY,Montana (2024),MISSING COUNTY,400,Transit and ground passenger transportation,Induced,262.0478362141104,0.003023026592236499,0.0015697888649056017,0.0014532377273308971,63.473944153104085,21.687415411950578,5.26293258514511,33.8609517886642,""
MISSING COUNTY,Montana (2024),MISSING COUNTY,401,Pipeline transportation,Induced,90.29513874815903,0.00011128810727317305,0.00010982002444058069,1.4680828325923381E-06,20.105209846748398,1.6159352389338786,14.350769827111614,1.4223313788227272,""
MISSING COUNTY,Montana (2024),MISSING COUNTY,402,Scenic and sightseeing transportation and support activities for transportation,Induced,230.0084853777835,0.0023292518022111097,0.0019284290727186626,0.00040082272949244703,150.81534467691702,55.4055042570561,4.338209783431571,-35.12633561264313,""
MISSING COUNTY,Montana (2024),MISSING COUNTY,403,Couriers and messengers,Induced,409.2180887784931,0.007410933776184615,0.002938306019355767,0.004472627756828849,209.42013403110715,6.955139629353127,6.431338684432255,158.10927080987167,""
MISSING COUNTY,Montana (2024),MISSING COUNTY,404,Warehousing and storage,Induced,68.69853099985701,0.0007970076886862138,0.00047084902260396597,0.0003261586660822479,34.00958984787039,3.5064724581873534,0.9726367018634821,4.39327392372823,""
MISSING COUNTY,Montana (2024),MISSING COUNTY,405,Newspaper publishers,Induced,105.87563336801847,0.000499110988235592,0.00039423548581178473,0.00010487550242380724,24.30700988606011,2.4331156463603025,1.0385276361097555,44.71576115729079,""
MISSING COUNTY,Montana (2024),MISSING COUNTY,406,Periodical publishers,Induced,37.97707570264819,0.00012890055398967208,9.63508787017303E-05,3.254967528794178E-05,6.834373039852378,0.5936422431308542,0.3281682135715733,12.514843394129443,""
MISSING COUNTY,Montana (2024),MISSING COUNTY,407,Book publishers,Induced,75.75211537409065,0.00011357829705220772,6.964823850482937E-05,4.393005854737836E-05,8.488291401680613,1.0229978925932726,0.5231870203318325,27.781146562431843,""
MISSING COUNTY,Montana (2024),MISSING COUNTY,408,"Directory, mailing list, and other publishers",Induced,8.173207578375585,2.610510964780199E-05,1.7761382360336276E-05,8.343727287465716E-06,1.7462810395303605,0.2012596375905311,0.0788697560734014,2.667940731800046,""
MISSING COUNTY,Montana (2024),MISSING COUNTY,410,Software publishers,Induced,673.1666141944837,0.0016884863505510289,0.0007532386320823275,0.0009352477184687011,134.76714470401,18.031316665694106,8.302168682705306,192.53693691968434,""
MISSING COUNTY,Montana (2024),MISSING COUNTY,411,Motion picture and video industries,Induced,336.5964915204136,0.0012891559865340176,0.0008948194640229771,0.0003943365225110405,57.9757821655997,3.5354235524388056,9.287157608701431,59.272361988205134,""
MISSING COUNTY,Montana (2024),MISSING COUNTY,412,Sound recording industries,Induced,32.6740227010575,4.093900523432751E-05,2.5709478305694185E-05,1.5229526928633318E-05,2.559338358579011,0.11356779839047342,1.522921072259728,11.426335841868063,""
MISSING COUNTY,Montana (2024),MISSING COUNTY,413,Radio and television broadcasting,Induced,353.48937886103164,0.0010066912764940363,0.0008383630584665947,0.0001683282180274415,64.37968042776636,44.94885833886527,5.2823745187817535,-18.031202379727063,""
MISSING COUNTY,Montana (2024),MISSING COUNTY,414,Cable and other subscription programming,Induced,132.58881398511977,0.00012179123150774921,8.557597616361368E-05,3.6215255344135516E-05,8.564785267967581,7.382652683060434,1.5278679709164482,21.13126901867611,""
MISSING COUNTY,Montana (2024),MISSING COUNTY,415,Wired telecommunications carriers,Induced,1029.5899231848102,0.001993550691736924,0.001463977036482129,0.0005295736552547953,175.23288202893832,49.19222972607405,20.05713840788829,306.7637185873558,""
MISSING COUNTY,Montana (2024),MISSING COUNTY,416,Wireless telecommunications carriers (except satellite),Induced,490.11662984347595,0.0001793009658208676,0.0001324762340723395,4.68247317485281E-05,14.970995922422071,3.725039127957813,9.327438934425642,240.78910869516565,""
MISSING COUNTY,Montana (2024),MISSING COUNTY,417,"Satellite, telecommunications resellers, and all other telecommunications",Induced,85.81835116075673,0.00022130785085937863,0.00016560864882219977,5.5699202037178874E-05,18.48848926119725,7.422139892657389,4.214617356715182,10.995985386432698,""
MISSING COUNTY,Montana (2024),MISSING COUNTY,418,"Data processing, hosting, and related services",Induced,838.3898331417583,0.0028019110757256157,0.001568699888496003,0.0012332111872296126,237.69766101941585,40.57318340083023,3.662742288364218,76.67908398181164,""
MISSING COUNTY,Montana (2024),MISSING COUNTY,419,"News syndicates, libraries, archives and all other information services",Induced,16.193724934012018,0.00020518886891753008,0.0001798454462149453,2.5343422702584765E-05,16.00194048072916,2.9421757157712465,0.09103059467057667,-3.9255870449034154,""
MISSING COUNTY,Montana (2024),MISSING COUNTY,420,Internet publishing and broadcasting and web search portals,Induced,453.45852434270614,0.00036164307871913026,0.00030847296717343787,5.3170111545692436E-05,46.06954270252851,10.151234011483183,1.7959602246971378,118.36511034195539,""
MISSING COUNTY,Montana (2024),MISSING COUNTY,421,Nondepository credit intermediation and related activities,Induced,739.4328104725955,0.001971580995586338,0.0017135216017730016,0.00025805939381333626,247.61035920544793,5.241749556072719,19.079205816047846,106.02347669413092,""
MISSING COUNTY,Montana (2024),MISSING COUNTY,422,Securities and commodity contracts intermediation and brokerage,Induced,1129.8674806380097,0.01043698181447991,0.0014359977692537964,0.009000984045226113,425.7915877701943,13.408141938096803,3.3222361666428584,-17.40267451748787,""
MISSING COUNTY,Montana (2024),MISSING COUNTY,423,Monetary authorities and depository credit intermediation,Induced,3989.2855116571513,0.010019835515044621,0.009260685588169783,0.0007591499268748375,949.4897794292078,9.243047036273484,106.64447729122018,1495.1834665255956,""
MISSING COUNTY,Montana (2024),MISSING COUNTY,424,Other financial investment activities,Induced,1035.9202585280534,0.006496576079568226,0.001259718763674457,0.005236857315893769,245.40187925030705,7.301198675370359,5.3349267168326,4.0173177763552355,""
MISSING COUNTY,Montana (2024),MISSING COUNTY,425,Direct life insurance carriers,Induced,42.5225254668308,0.00010868410002142893,6.48378150226776E-05,4.384628499875134E-05,11.252263517970075,0.31342485743478316,8.096193693317826,4.352416718025997,""
MISSING COUNTY,Montana (2024),MISSING COUNTY,426,"Insurance carriers, except direct life",Induced,1226.096175153877,0.0023250520439474123,0.0016435609294631617,0.0006814911144842504,199.6658378178265,5.765077994190822,206.07932411217652,165.8667887030913,""
MISSING COUNTY,Montana (2024),MISSING COUNTY,427,"Insurance agencies, brokerages, and related activities",Induced,1387.4572119274471,0.005262823579697366,0.003943631264716779,0.0013191923149805868,396.7800695742182,9.720263495583689,37.0950900019792,174.6416185151549,""
MISSING COUNTY,Montana (2024),MISSING COUNTY,428,"Funds, trusts, and other financial vehicles",Induced,1556.0692934102055,0.007389351345909735,0.0018769256901923449,0.005512425655717391,179.06672378158757,0.1406698267852699,2.541229390272146,34.576032250347254,""
MISSING COUNTY,Montana (2024),MISSING COUNTY,429,Other real estate,Induced,5975.80399770585,0.0270602302104931,0.0026989469894452495,0.02436128322104785,196.15314125398046,959.9077292068209,53.829385294991994,1020.7061986046592,""
MISSING COUNTY,Montana (2024),MISSING COUNTY,430,Tenant-occupied housing,Induced,2654.8347541408184,0.007918216011171354,0.0009273342021712132,0.006990881809000142,54.34324510020858,311.2590418499122,196.99127764807753,1914.8402936042007,""
MISSING COUNTY,Montana (2024),MISSING COUNTY,431,Owner-occupied housing,Induced,18225.150656195816,0,0,0,0,0,1900.8293829638478,13720.180327864402,""
MISSING COUNTY,Montana (2024),MISSING COUNTY,432,Automotive equipment rental and leasing,Induced,625.3662934168177,0.0019515092928386226,0.0012419996863357037,0.0007095096065029188,73.62011579843625,78.67393896631661,24.175697320092624,66.42916734675521,""
MISSING COUNTY,Montana (2024),MISSING COUNTY,433,General and consumer goods rental except video tapes and discs,Induced,191.5249033083849,0.0011628289066772505,0.0007702977508129413,0.0003925311558643092,47.49671218683484,37.966107426655164,7.353131075628125,3.1650171472127075,""
MISSING COUNTY,Montana (2024),MISSING COUNTY,434,Video tape and disc rental,Induced,9.476955101197962,3.906947221945591E-05,1.2865807756064432E-05,2.6203664463391477E-05,2.5793757316710932,2.059378145461363,0.4745507418685294,0.8064962518570794,""
MISSING COUNTY,Montana (2024),MISSING COUNTY,435,Commercial and industrial machinery and equipment rental and leasing,Induced,202.4206943443488,0.00045964274091855726,0.00024587399819475946,0.00021376874272379783,27.15531582836686,21.783632752931712,6.793241847083259,30.760297433103947,""
MISSING COUNTY,Montana (2024),MISSING COUNTY,436,Lessors of nonfinancial intangible assets,Induced,604.2609055103432,8.418191063405361E-05,3.625665682865379E-05,4.792525380539981E-05,4.077813149508377,1.0236634253513162,8.026420945959906,267.4977398719465,""
MISSING COUNTY,Montana (2024),MISSING COUNTY,437,Legal services,Induced,1287.633283355856,0.006398631114469849,0.003935115684957465,0.002463515429512383,473.78784746998366,89.83115262557828,3.516702063274596,362.58083158607496,""
MISSING COUNTY,Montana (2024),MISSING COUNTY,438,"Accounting, tax preparation, bookkeeping, and payroll services",Induced,717.7127081745513,0.0060972225051636,0.004341403812475178,0.0017558186926884217,334.0458536043178,64.27202719951427,4.186560768219777,73.15403236070979,""
MISSING COUNTY,Montana (2024),MISSING COUNTY,439,"Architectural, engineering, and related services",Induced,301.8702466296348,0.0016483855280816598,0.0009970297114368929,0.0006513558166447668,128.3879739614248,25.859608153681776,1.8643402983750803,26.492332762590852,""
MISSING COUNTY,Montana (2024),MISSING COUNTY,440,Specialized design services,Induced,148.8226906748047,0.000593985343086061,0.0004054483153713666,0.00018853702771469427,34.55169525271081,6.877915624228346,2.848937391504558,51.25679768104299,""
MISSING COUNTY,Montana (2024),MISSING COUNTY,441,Custom computer programming services,Induced,120.35040549903987,0.0008964596013688262,0.0004458805680849818,0.00045057903328384443,81.30455805717197,15.582651890972537,0.09078974300583015,-12.031437645739775,""
MISSING COUNTY,Montana (2024),MISSING COUNTY,442,Computer systems design services,Induced,155.37746443265507,0.0008773040101207495,0.0004571276513423854,0.0004201763587783641,73.13312130090755,15.14668207088361,0.6264270810001434,6.115134287405847,""
MISSING COUNTY,Montana (2024),MISSING COUNTY,443,"Other computer related services, including facilities management",Induced,53.876215794993136,0.00027402829664882605,0.00015874722798626245,0.00011528106866256365,21.320581626252192,4.274813012555021,0.3146922166138639,5.171631747328655,""
MISSING COUNTY,Montana (2024),MISSING COUNTY,444,Management consulting services,Induced,488.11440403259354,0.0034264855669383578,0.002030693189666085,0.001395792377272273,249.777844614392,50.09242674362307,3.0300019245487233,13.319216524735797,""
MISSING COUNTY,Montana (2024),MISSING COUNTY,445,Environmental and other technical consulting services,Induced,247.74068755325698,0.001510328867946139,0.0009522612986574497,0.0005580675692886892,102.07898983240399,20.497861853312635,1.2952240112692535,7.482843593718238,""
MISSING COUNTY,Montana (2024),MISSING COUNTY,446,Scientific research and development services,Induced,561.212273529453,0.0021080477451100865,0.0015854894670081006,0.0005225582781019856,161.52483567604307,17.047668527421557,3.8609657248465,40.26854066999865,""
MISSING COUNTY,Montana (2024),MISSING COUNTY,447,"Advertising, public relations, and related services",Induced,356.0824696599907,0.0015967083428959903,0.0009465553975941232,0.0006501529453018671,93.12777980676442,19.501147478435364,2.8269894483887765,115.25959371222525,""
MISSING COUNTY,Montana (2024),MISSING COUNTY,448,Photographic services,Induced,99.39000448408957,0.0003102662201312823,0.0002515340165709723,5.873220356031002E-05,11.838638045827267,2.2665822050564763,1.917905175828045,40.63654405800859,""
MISSING COUNTY,Montana (2024),MISSING COUNTY,449,Veterinary services,Induced,663.9536594208978,0.005329517676477965,0.0040991546631022405,0.0012303630133757254,256.4426439007702,49.84276397133815,3.3241805248088223,140.15377487128117,""
MISSING COUNTY,Montana (2024),MISSING COUNTY,450,"All other miscellaneous professional, scientific, and technical services",Induced,219.28148082123312,0.0007105943231170684,0.00041559180966733,0.00029500251344973823,56.961269579759914,11.381808744712151,0.9604118054139409,67.67263818301844,""
MISSING COUNTY,Montana (2024),MISSING COUNTY,451,Management of companies and enterprises,Induced,605.5653453799422,0.0030672414661622777,0.002259530135070304,0.0008077113310919738,271.75995221574544,1.4816679299993738,11.49265996498653,37.04532839192878,""
MISSING COUNTY,Montana (2024),MISSING COUNTY,452,Office administrative services,Induced,239.48907567665313,0.0027368810819266877,0.0014880529357741118,0.001248828146152576,182.1785961697555,29.37108686954388,0.7762958398384961,-50.70646481495893,""
MISSING COUNTY,Montana (2024),MISSING COUNTY,453,Facilities support services,Induced,50.237459202483365,0.0003385123813576592,0.00022826687705551613,0.00011024550430214313,17.571152615307557,2.8359399193099617,0.19682140494461303,2.3388585084539137,""
MISSING COUNTY,Montana (2024),MISSING COUNTY,454,Employment services,Induced,1120.6771648950275,0.010411164284595912,0.006798474187093663,0.003612690097502247,540.6028869449369,89.14740605984392,2.8233757977789016,135.0622836865648,""
MISSING COUNTY,Montana (2024),MISSING COUNTY,455,Business support services,Induced,175.43105367965924,0.0018311780284964959,0.0012563793353304485,0.0005747986931660472,92.94781869878615,14.540319444532598,1.1314183537906546,-12.377816073784503,""
MISSING COUNTY,Montana (2024),MISSING COUNTY,456,Travel arrangement and reservation services,Induced,248.8651010189451,0.0009783700366272235,0.0006109309636861462,0.00036743907294107744,51.02822860844308,8.029308556393582,1.2624912029629134,36.5562104306236,""
MISSING COUNTY,Montana (2024),MISSING COUNTY,457,Investigation and security services,Induced,114.04264461514327,0.0017091991422577002,0.0011759917770113133,0.0005332073652463867,76.64419163646734,12.287614728761675,0.921482238819715,-9.874463570874484,""
MISSING COUNTY,Montana (2024),MISSING COUNTY,458,Services to buildings,Induced,364.35741265010194,0.0037263812097809894,0.002973698170880341,0.0007526830389006492,111.78990487424039,18.06730192128261,2.6834108650345505,32.53889974763402,""
MISSING COUNTY,Montana (2024),MISSING COUNTY,459,Landscape and horticultural services,Induced,511.10007012094434,0.004094837510559649,0.002985947876249779,0.00110888963430987,166.5486107004155,26.549340278760837,4.693694642182296,96.57563312450245,""
MISSING COUNTY,Montana (2024),MISSING COUNTY,460,Other support services,Induced,170.9318515711756,0.000997764099913305,0.0007118672443561841,0.000285896855557121,52.69530310377286,6.630228540933125,0.8524877693040933,36.24419471646869,""
MISSING COUNTY,Montana (2024),MISSING COUNTY,461,Waste management and remediation services,Induced,435.70284056271066,0.0014470311154484385,0.0012488503347523564,0.00019818078069608214,109.77419305810427,0.3598799372732709,12.837445933326665,66.70145903731652,""
MISSING COUNTY,Montana (2024),MISSING COUNTY,462,Elementary and secondary schools,Induced,289.18665495237224,0.006183934828659616,0.004279646703670378,0.0019042881249892378,209.54142821507554,26.97328871446025,7.5077560481479955,-39.68459162996252,""
MISSING COUNTY,Montana (2024),MISSING COUNTY,463,"Junior colleges, colleges, universities, and professional schools",Induced,332.5994096057863,0.003693182800876545,0.0020376951084369968,0.0016554876924395477,147.7498157843798,22.326971217784454,8.23528789681962,20.912220775506622,""
MISSING COUNTY,Montana (2024),MISSING COUNTY,464,Other educational services,Induced,742.2637316341728,0.0065191850096568416,0.004444214847881749,0.002074970161775093,247.4516481247315,28.511953102062893,22.99601634324105,49.292789987016306,""
MISSING COUNTY,Montana (2024),MISSING COUNTY,465,Offices of physicians,Induced,4461.541631303928,0.02287929164247143,0.016554883454992432,0.006324408187479002,2424.9382185880427,451.75033598979127,96.7799821323821,-36.32025803191291,""
MISSING COUNTY,Montana (2024),MISSING COUNTY,466,Offices of dentists,Induced,1430.3459201599228,0.009306192390983315,0.007752824636612063,0.0015533677543712536,625.8066276829829,116.40501800612708,27.228467685615495,329.5072441965171,""
MISSING COUNTY,Montana (2024),MISSING COUNTY,467,Offices of other health practitioners,Induced,1180.8628980451297,0.008864691191913243,0.007601125452720836,0.0012635657391924073,497.02401373072854,91.15287938139713,36.902498563281384,274.083218001854,""
MISSING COUNTY,Montana (2024),MISSING COUNTY,468,Outpatient care centers,Induced,1034.2750679861686,0.006314393802543432,0.005243852202007933,0.0010705416005354984,397.0085384105319,77.67086489920571,19.444410043110263,101.60801737758368,""
MISSING COUNTY,Montana (2024),MISSING COUNTY,469,Medical and diagnostic laboratories,Induced,175.50618650931105,0.0007958921138642512,0.0005902411648879768,0.00020565094897627447,77.64174651163323,14.434256665419616,2.963523668480059,39.38670411827363,""
MISSING COUNTY,Montana (2024),MISSING COUNTY,470,Home health care services,Induced,536.8792784963058,0.006988350385120161,0.006203915977465792,0.0007844344076543692,302.0476883635914,54.297214446134085,13.519037730906367,29.73367320249907,""
MISSING COUNTY,Montana (2024),MISSING COUNTY,471,Other ambulatory health care services,Induced,387.91067593102304,0.0029916612615531737,0.0024714852741099646,0.0005201759874432093,203.42089346347802,37.95967078915498,9.982956739663928,-39.266039898877345,""
MISSING COUNTY,Montana (2024),MISSING COUNTY,472,Hospitals,Induced,12904.746569703515,0.05424461065897831,0.05419813016313624,4.6480495842077896E-05,5736.236999452905,59.849096133413646,286.0719852775812,1023.3043121242056,""
MISSING COUNTY,Montana (2024),MISSING COUNTY,473,Nursing and community care facilities,Induced,1249.0777498072991,0.012229836629875401,0.012017568473192481,0.00021226815668291983,672.0821778539511,7.221459561767273,47.21801276942776,23.228237308431847,""
MISSING COUNTY,Montana (2024),MISSING COUNTY,474,"Residential mental health, substance abuse, and other residential care facilities",Induced,504.81134279706623,0.0050065757046685,0.004907961718462207,9.861398620629295E-05,277.66149097648787,2.8510926007420263,14.373165693088874,44.37780677877937,""
MISSING COUNTY,Montana (2024),MISSING COUNTY,475,Individual and family services,Induced,828.1135048126283,0.015050976857862067,0.011980758661463855,0.00307021819639821,492.30228982890037,101.25740609410873,-2.5750851236444148,-29.78092118856971,""
MISSING COUNTY,Montana (2024),MISSING COUNTY,476,Child day care services,Induced,513.1857149661856,0.009146496341959662,0.007790528008163353,0.0013559683337963104,279.75857109589634,47.94663451104877,-2.1167766641921917,35.57975972983684,""
MISSING COUNTY,Montana (2024),MISSING COUNTY,477,"Community food, housing, and other relief services, including rehabilitation services",Induced,503.8051040155063,0.004912945196473183,0.0039027195925589783,0.0010102256039142053,182.32772736090854,34.72692368550342,-1.745031540346398,-2.3137657760558943,""
MISSING COUNTY,Montana (2024),MISSING COUNTY,478,Performing arts companies,Induced,305.036007161484,0.003792105787484766,0.000987397613826688,0.002804708173658078,41.84103681249419,49.485394545785525,7.171142469923165,9.128262939854487,""
MISSING COUNTY,Montana (2024),MISSING COUNTY,479,Commercial Sports Except Racing,Induced,46.63660840721143,0.0011247870057085067,0.0003575533302291881,0.0007672336754793185,10.574813892558486,20.42837560274628,1.1563561118482455,-5.037743116036425,""
MISSING COUNTY,Montana (2024),MISSING COUNTY,480,Racing and Track Operation,Induced,3.1198493033712316,8.41825914642774E-05,2.972573000114127E-05,5.445686146313614E-05,0.9359079633464119,1.7409554369654068,0.03938172719444435,-2.194242304506079,""
MISSING COUNTY,Montana (2024),MISSING COUNTY,481,"Independent artists, writers, and performers",Induced,374.76044042221946,0.0027851743780769843,0.0001807694835143131,0.002604404894562671,28.901729051050516,39.96969612020832,10.039390311185088,22.60638334511615,""
MISSING COUNTY,Montana (2024),MISSING COUNTY,482,Promoters of performing arts and sports and agents for public figures,Induced,338.98778622396,0.002470621998248208,0.0004624964734391571,0.0020081255248090516,25.281636609480262,38.05581766478966,5.990713921718793,8.716652157054657,""
MISSING COUNTY,Montana (2024),MISSING COUNTY,483,"Museums, historical sites, zoos, and parks",Induced,139.63646351473986,0.001217764129929235,0.0011530712295447576,6.469290038447737E-05,63.201269503104726,4.170015753991382,1.5941058959983825,1.931216907774989,""
MISSING COUNTY,Montana (2024),MISSING COUNTY,484,Amusement parks and arcades,Induced,25.094185596743454,0.00025746130642410696,0.00022071717601033423,3.674413041377271E-05,6.498663895163155,0.3771353934584788,6.893746252444782,1.4409540241777563,""
MISSING COUNTY,Montana (2024),MISSING COUNTY,485,Gambling industries (except casino hotels),Induced,1133.555604729424,0.006150657792971979,0.005305051863229763,0.000845605929742216,202.0735364224555,6.3899816310479425,110.94654195572325,245.02784892977567,""
MISSING COUNTY,Montana (2024),MISSING COUNTY,486,Other amusement and recreation industries,Induced,548.675253647084,0.006616376519855572,0.0055492878489300165,0.001067088670925555,210.30392384704888,11.568771984687631,71.32504611836559,25.787763411416478,""
MISSING COUNTY,Montana (2024),MISSING COUNTY,487,Fitness and recreational sports centers,Induced,307.4889538082191,0.005242544287564244,0.0047181128730365805,0.0005244314145276637,104.35854871879305,5.538218166022376,32.93119475085262,4.391679788121684,""
MISSING COUNTY,Montana (2024),MISSING COUNTY,488,Bowling centers,Induced,33.40738295049693,0.0005317481492418477,0.0004735506128567985,5.8197536385049175E-05,12.452612230751315,0.6174050449740174,3.1354979083709673,-0.7968828654105539,""
MISSING COUNTY,Montana (2024),MISSING COUNTY,489,"Hotels and motels, including casino hotels",Induced,27.453913585021017,0.00017615805343094667,0.0001535046225955009,2.2653430835445785E-05,8.067031509236989,0.05061819445080075,1.4303999703657726,7.677391680101992,""
MISSING COUNTY,Montana (2024),MISSING COUNTY,490,Other accommodations,Induced,208.0978449880617,0.0013614482321215133,0.0012080532635315921,0.0001533949685899213,69.49875899786875,0.2713062529101747,8.124425923115579,48.809030052725426,""
MISSING COUNTY,Montana (2024),MISSING COUNTY,491,Full-service restaurants,Induced,3468.4630460981402,0.03622688965884871,0.033251993461196304,0.002974896197652411,1091.9664391400156,129.3031585778342,47.4585387134884,517.5469921847289,""
MISSING COUNTY,Montana (2024),MISSING COUNTY,492,Limited-service restaurants,Induced,3850.8834758587723,0.03361640414528925,0.030757431949689308,0.0028589721955999455,980.6181039103335,124.99568998663506,68.43075172879226,518.602164505859,""
MISSING COUNTY,Montana (2024),MISSING COUNTY,493,All other food and drinking places,Induced,1480.745532432659,0.01835961110515752,0.016936674966781633,0.0014229361383758907,573.0675200124184,43.14038420350106,35.89392286222807,248.15576650048794,""
MISSING COUNTY,Montana (2024),MISSING COUNTY,494,"Automotive repair and maintenance, except car washes",Induced,1966.4186649398177,0.014995032621631738,0.008975844204754767,0.006019188416876973,646.9893167519042,303.79331459059523,50.26211478501349,137.96557400181234,""
MISSING COUNTY,Montana (2024),MISSING COUNTY,495,Car washes,Induced,197.04515663141058,0.001774443329630658,0.0012873319189195239,0.00048711141071113413,68.99302575916869,25.151791998928896,4.11998656759586,6.9455987821964245,""
MISSING COUNTY,Montana (2024),MISSING COUNTY,496,Electronic and precision equipment repair and maintenance,Induced,211.75093229724237,0.0013953177177093339,0.0009539136147770452,0.000441404102932289,71.26065699001035,18.641076391209275,3.46004885734852,32.433863330544526,""
MISSING COUNTY,Montana (2024),MISSING COUNTY,497,Commercial and industrial machinery and equipment repair and maintenance,Induced,211.65169583470734,0.0015742396743326716,0.0008950384907737297,0.0006792011835589417,79.64760761029946,36.17303951265061,7.310612619532122,-5.618930223230585,""
MISSING COUNTY,Montana (2024),MISSING COUNTY,498,Personal and household goods repair and maintenance,Induced,387.398501375706,0.001802076202800826,0.001292504217039929,0.000509571985760897,84.40041847357901,22.288656049552213,7.893745305081221,59.625772939222024,""
MISSING COUNTY,Montana (2024),MISSING COUNTY,499,Personal care services,Induced,450.399085839118,0.008415327380570839,0.002216315714031186,0.006199011666539653,102.15128520251608,206.33529843615477,5.736733806069229,-47.85357494861781,""
MISSING COUNTY,Montana (2024),MISSING COUNTY,500,Death care services,Induced,124.63626366933919,0.0023574671966937262,0.0006473687730781195,0.001710098423615607,31.106867150602987,60.625372755081685,1.7307983814424441,-18.326791446694106,""
MISSING COUNTY,Montana (2024),MISSING COUNTY,501,Dry-cleaning and laundry services,Induced,157.16885950356948,0.0037565068497685647,0.000979911634585342,0.002776595215183223,48.26207246582753,94.60802253983366,3.4536735910505025,-43.64034877809651,""
MISSING COUNTY,Montana (2024),MISSING COUNTY,502,Other personal services,Induced,738.3634031122228,0.00797153729312322,0.0028769810874850104,0.005094556205638208,127.19063143834381,175.80316125580217,15.317204166393752,45.37893250642395,""
MISSING COUNTY,Montana (2024),MISSING COUNTY,503,Religious organizations,Induced,1161.050368489169,0.02870547863315926,0.02760832622508705,0.0010971524080722083,755.0817379451158,25.36925463250956,0,-135.3602143381539,""
MISSING COUNTY,Montana (2024),MISSING COUNTY,504,"Grantmaking, giving, and social advocacy organizations",Induced,943.4640595430538,0.004957448942667511,0.004397727721538087,0.0005597212211294242,333.1531378561442,12.166541740082081,6.9185421469287345,85.92958734202159,""
MISSING COUNTY,Montana (2024),MISSING COUNTY,505,Business and professional associations,Induced,365.33775089724395,0.0015572517366811167,0.0013498236563746844,0.00020742808030643244,124.04524513448702,4.685744381626837,4.113909209772057,33.705219412860195,""
MISSING COUNTY,Montana (2024),MISSING COUNTY,506,Labor and civic organizations,Induced,490.73427221616436,0.004263884987090672,0.003993370604509389,0.00027051438258128346,166.4926145126369,5.933748783471702,4.050187702729918,30.32679238773266,""
MISSING COUNTY,Montana (2024),MISSING COUNTY,507,Private households,Induced,77.13894006557081,0.0017329348321604222,0.0017329348321604222,0,77.13894006557081,0,0,0,""
MISSING COUNTY,Montana (2024),MISSING COUNTY,508,Postal service,Induced,277.3982047553979,0.0020331691527241207,0.0020331691527241207,0,214.9124082292191,0,0,15.951114067372856,""
MISSING COUNTY,Montana (2024),MISSING COUNTY,509,Federal electric utilities,Induced,126.26461571065792,7.300558014881943E-05,7.300558014881943E-05,0,13.599962115419947,0,0,-1.3855307248783393,""
MISSING COUNTY,Montana (2024),MISSING COUNTY,510,Other federal government enterprises,Induced,3.8259565502327795,0.0001012873174676605,0.0001012873174676605,0,20.50248549486349,0,-125.73674906463052,45.280876430910396,""
MISSING COUNTY,Montana (2024),MISSING COUNTY,513,Other state government enterprises,Induced,25.097540598572813,6.996353417399638E-05,6.996353417399638E-05,0,7.146100990627382,0,-0.046039036057065025,0.12401490265380234,""
MISSING COUNTY,Montana (2024),MISSING COUNTY,514,Local government passenger transit,Induced,21.33321043477034,0.00040039964399774333,0.00040039964399774333,0,25.3320783261861,0,0,-21.441090646043296,""
MISSING COUNTY,Montana (2024),MISSING COUNTY,515,Local government electric utilities,Induced,40.429793298380964,5.0174705640374025E-05,5.0174705640374025E-05,0,8.33183259866099,0,0,1.5608872960203297,""
MISSING COUNTY,Montana (2024),MISSING COUNTY,516,Other local government enterprises,Induced,958.5755891473594,0.002329487043843622,0.002329487043843622,0,189.7431226833945,0,-56.42505416534406,150.47125493047915,""
